task_type,task_level,alg,normalized_task_val_mean,normalized_task_val_std,normalized_col_chance_mean,normalized_col_chance_std,count
bin,1,CC(1000),0.311,0.156,0.167,0.408,6
bin,1,CC(500),0.283,0.166,0.167,0.408,6
bin,1,"O(400, 1)",0.703,0.202,0.167,0.408,6
bin,1,"O(400, 5)",0.492,0.281,0.167,0.408,6
bin,1,"O-(400, 5)",0.753,0.165,0.167,0.408,6
bin,1,"SC(1600, 5)",0.711,0.347,0.333,0.516,6
bin,1,"SC(400, 5)",0.267,0.128,0.833,0.408,6
bin,1,"SD(400, 5)",0.717,0.223,0.167,0.408,6
bin,2,CC(1000),0.035,0.055,0.0,0.0,6
bin,2,CC(500),0.054,0.092,0.0,0.0,6
bin,2,"O(400, 1)",0.592,0.181,0.012,0.029,6
bin,2,"O(400, 5)",0.833,0.171,0.0,0.0,6
bin,2,"O-(400, 5)",0.434,0.134,0.181,0.403,6
bin,2,"SC(1600, 5)",0.661,0.139,0.4,0.397,6
bin,2,"SC(400, 5)",0.296,0.199,0.078,0.038,6
bin,2,"SD(400, 5)",0.917,0.204,0.73,0.418,6
bin,3,CC(1000),0.0,0.0,0.0,0.0,6
bin,3,CC(500),0.0,0.0,0.0,0.0,6
bin,3,"O(400, 1)",0.663,0.195,0.096,0.145,6
bin,3,"O(400, 5)",0.893,0.166,0.007,0.012,6
bin,3,"O-(400, 5)",0.099,0.072,0.325,0.358,6
bin,3,"SC(1600, 5)",0.41,0.349,0.738,0.316,6
bin,3,"SC(400, 5)",0.154,0.102,0.398,0.277,6
bin,3,"SD(400, 5)",0.926,0.135,0.696,0.354,6
bin,4,CC(1000),0.049,0.076,0.161,0.394,6
bin,4,CC(500),0.069,0.111,0.002,0.004,6
bin,4,"O(400, 1)",0.788,0.148,0.053,0.053,6
bin,4,"O(400, 5)",0.825,0.124,0.0,0.0,6
bin,4,"O-(400, 5)",0.472,0.104,0.116,0.137,6
bin,4,"SC(1600, 5)",0.541,0.286,0.365,0.492,6
bin,4,"SC(400, 5)",0.234,0.157,0.16,0.282,6
bin,4,"SD(400, 5)",0.785,0.391,0.768,0.408,6
bin,5,CC(1000),0.0,0.0,0.0,0.0,6
bin,5,CC(500),0.0,0.0,0.0,0.0,6
bin,5,"O(400, 1)",0.772,0.184,0.018,0.019,6
bin,5,"O(400, 5)",0.782,0.207,0.05,0.059,6
bin,5,"O-(400, 5)",0.104,0.122,0.2,0.395,6
bin,5,"SC(1600, 5)",0.436,0.282,0.379,0.238,6
bin,5,"SC(400, 5)",0.186,0.157,0.185,0.123,6
bin,5,"SD(400, 5)",0.751,0.318,0.867,0.327,6
follow,1,CC(1000),1.0,0.0,1.0,0.0,6
follow,1,CC(500),0.915,0.054,1.0,0.0,6
follow,1,"O(400, 1)",0.316,0.021,1.0,0.0,6
follow,1,"O(400, 5)",0.303,0.03,1.0,0.0,6
follow,1,"O-(400, 5)",0.308,0.036,1.0,0.0,6
follow,1,"SC(1600, 5)",0.337,0.028,1.0,0.0,6
follow,1,"SC(400, 5)",0.385,0.024,1.0,0.0,6
follow,1,"SD(400, 5)",0.268,0.028,1.0,0.0,6
follow,2,CC(1000),0.989,0.024,1.0,0.0,6
follow,2,CC(500),0.957,0.064,1.0,0.0,6
follow,2,"O(400, 1)",0.316,0.024,1.0,0.0,6
follow,2,"O(400, 5)",0.329,0.034,1.0,0.0,6
follow,2,"O-(400, 5)",0.32,0.021,1.0,0.0,6
follow,2,"SC(1600, 5)",0.362,0.043,1.0,0.0,6
follow,2,"SC(400, 5)",0.382,0.039,1.0,0.0,6
follow,2,"SD(400, 5)",0.288,0.035,1.0,0.0,6
follow,3,CC(1000),0.937,0.069,0.833,0.408,6
follow,3,CC(500),0.979,0.033,0.833,0.408,6
follow,3,"O(400, 1)",0.324,0.029,0.833,0.408,6
follow,3,"O(400, 5)",0.323,0.025,0.833,0.408,6
follow,3,"O-(400, 5)",0.306,0.041,0.833,0.408,6
follow,3,"SC(1600, 5)",0.355,0.037,0.833,0.408,6
follow,3,"SC(400, 5)",0.461,0.138,1.0,0.0,6
follow,3,"SD(400, 5)",0.297,0.037,0.833,0.408,6
follow,4,CC(1000),0.96,0.045,0.994,0.007,6
follow,4,CC(500),0.973,0.043,0.998,0.006,6
follow,4,"O(400, 1)",0.304,0.032,0.0,0.0,6
follow,4,"O(400, 5)",0.301,0.04,0.0,0.0,6
follow,4,"O-(400, 5)",0.315,0.025,0.0,0.0,6
follow,4,"SC(1600, 5)",0.33,0.046,0.004,0.009,6
follow,4,"SC(400, 5)",0.423,0.034,0.0,0.0,6
follow,4,"SD(400, 5)",0.275,0.023,0.0,0.0,6
follow,5,CC(1000),0.967,0.051,0.968,0.034,6
follow,5,CC(500),0.968,0.024,0.97,0.038,6
follow,5,"O(400, 1)",0.501,0.133,0.342,0.326,6
follow,5,"O(400, 5)",0.4,0.104,0.085,0.098,6
follow,5,"O-(400, 5)",0.394,0.049,0.062,0.084,6
follow,5,"SC(1600, 5)",0.546,0.105,0.37,0.147,6
follow,5,"SC(400, 5)",0.866,0.148,0.587,0.26,6
follow,5,"SD(400, 5)",0.463,0.082,0.55,0.357,6
reach_easy,1,CC(1000),0.045,0.018,1.0,0.0,6
reach_easy,1,CC(500),0.041,0.018,1.0,0.0,6
reach_easy,1,"O(400, 1)",0.775,0.071,1.0,0.0,6
reach_easy,1,"O(400, 5)",0.734,0.135,1.0,0.0,6
reach_easy,1,"O-(400, 5)",0.648,0.088,1.0,0.0,6
reach_easy,1,"SC(1600, 5)",0.62,0.139,1.0,0.0,6
reach_easy,1,"SC(400, 5)",0.287,0.084,1.0,0.0,6
reach_easy,1,"SD(400, 5)",1.0,0.0,1.0,0.0,6
reach_easy,2,CC(1000),0.024,0.023,0.667,0.516,6
reach_easy,2,CC(500),0.043,0.013,0.833,0.408,6
reach_easy,2,"O(400, 1)",0.69,0.18,0.5,0.548,6
reach_easy,2,"O(400, 5)",0.709,0.102,0.5,0.548,6
reach_easy,2,"O-(400, 5)",0.69,0.113,0.5,0.548,6
reach_easy,2,"SC(1600, 5)",0.522,0.128,0.5,0.548,6
reach_easy,2,"SC(400, 5)",0.261,0.089,0.667,0.516,6
reach_easy,2,"SD(400, 5)",1.0,0.0,0.5,0.548,6
reach_easy,3,CC(1000),0.024,0.023,0.833,0.408,6
reach_easy,3,CC(500),0.039,0.014,1.0,0.0,6
reach_easy,3,"O(400, 1)",0.695,0.13,0.667,0.516,6
reach_easy,3,"O(400, 5)",0.725,0.102,0.667,0.516,6
reach_easy,3,"O-(400, 5)",0.635,0.11,0.667,0.516,6
reach_easy,3,"SC(1600, 5)",0.59,0.121,0.667,0.516,6
reach_easy,3,"SC(400, 5)",0.28,0.099,0.667,0.516,6
reach_easy,3,"SD(400, 5)",1.0,0.0,0.667,0.516,6
reach_easy,4,CC(1000),0.032,0.022,0.749,0.368,6
reach_easy,4,CC(500),0.037,0.016,0.969,0.076,6
reach_easy,4,"O(400, 1)",0.755,0.132,0.001,0.003,6
reach_easy,4,"O(400, 5)",0.719,0.101,0.01,0.025,6
reach_easy,4,"O-(400, 5)",0.713,0.059,0.0,0.0,6
reach_easy,4,"SC(1600, 5)",0.628,0.084,0.0,0.0,6
reach_easy,4,"SC(400, 5)",0.269,0.091,0.008,0.019,6
reach_easy,4,"SD(400, 5)",1.0,0.0,0.027,0.067,6
reach_easy,5,CC(1000),0.029,0.026,0.945,0.065,6
reach_easy,5,CC(500),0.029,0.026,0.987,0.031,6
reach_easy,5,"O(400, 1)",0.649,0.068,0.184,0.181,6
reach_easy,5,"O(400, 5)",0.759,0.184,0.099,0.149,6
reach_easy,5,"O-(400, 5)",0.617,0.132,0.021,0.03,6
reach_easy,5,"SC(1600, 5)",0.337,0.226,0.557,0.286,6
reach_easy,5,"SC(400, 5)",0.211,0.146,0.534,0.329,6
reach_easy,5,"SD(400, 5)",1.0,0.0,0.199,0.286,6
reach_hard,1,CC(1000),0.0,0.0,0.0,0.0,6
reach_hard,1,CC(500),0.0,0.0,0.0,0.0,6
reach_hard,1,"O(400, 1)",0.694,0.219,0.0,0.0,6
reach_hard,1,"O(400, 5)",0.625,0.12,0.074,0.141,6
reach_hard,1,"O-(400, 5)",0.162,0.07,0.137,0.125,6
reach_hard,1,"SC(1600, 5)",0.683,0.325,0.292,0.133,6
reach_hard,1,"SC(400, 5)",0.275,0.14,0.283,0.052,6
reach_hard,1,"SD(400, 5)",0.964,0.087,1.0,0.0,6
reach_hard,2,CC(1000),0.0,0.0,0.0,0.0,6
reach_hard,2,CC(500),0.0,0.0,0.0,0.0,6
reach_hard,2,"O(400, 1)",0.597,0.261,0.018,0.042,6
reach_hard,2,"O(400, 5)",0.582,0.241,0.015,0.025,6
reach_hard,2,"O-(400, 5)",0.158,0.112,0.046,0.074,6
reach_hard,2,"SC(1600, 5)",0.465,0.353,0.283,0.141,6
reach_hard,2,"SC(400, 5)",0.2,0.136,0.246,0.161,6
reach_hard,2,"SD(400, 5)",0.915,0.152,1.0,0.0,6
reach_hard,3,CC(1000),0.0,0.0,0.0,0.0,6
reach_hard,3,CC(500),0.0,0.0,0.0,0.0,6
reach_hard,3,"O(400, 1)",0.588,0.145,0.015,0.019,6
reach_hard,3,"O(400, 5)",0.533,0.239,0.029,0.047,6
reach_hard,3,"O-(400, 5)",0.164,0.104,0.158,0.122,6
reach_hard,3,"SC(1600, 5)",0.443,0.198,0.327,0.226,6
reach_hard,3,"SC(400, 5)",0.228,0.21,0.301,0.289,6
reach_hard,3,"SD(400, 5)",1.0,0.0,1.0,0.0,6
reach_hard,4,CC(1000),0.0,0.0,0.647,0.233,6
reach_hard,4,CC(500),0.0,0.0,0.647,0.233,6
reach_hard,4,"O(400, 1)",0.611,0.249,0.088,0.106,6
reach_hard,4,"O(400, 5)",0.612,0.112,0.013,0.02,6
reach_hard,4,"O-(400, 5)",0.144,0.098,0.161,0.183,6
reach_hard,4,"SC(1600, 5)",0.37,0.167,0.422,0.328,6
reach_hard,4,"SC(400, 5)",0.177,0.151,0.343,0.198,6
reach_hard,4,"SD(400, 5)",1.0,0.0,0.935,0.106,6
reach_hard,5,CC(1000),0.0,0.0,0.79,0.205,6
reach_hard,5,CC(500),0.0,0.0,0.79,0.205,6
reach_hard,5,"O(400, 1)",0.57,0.114,0.168,0.175,6
reach_hard,5,"O(400, 5)",0.45,0.122,0.174,0.392,6
reach_hard,5,"O-(400, 5)",0.134,0.106,0.168,0.155,6
reach_hard,5,"SC(1600, 5)",0.415,0.371,0.361,0.115,6
reach_hard,5,"SC(400, 5)",0.153,0.173,0.622,0.34,6
reach_hard,5,"SD(400, 5)",0.936,0.157,0.85,0.241,6
