alg,task_type,task_level,n_arms,wsteps,tplanning_moaw,ctrl_freq_moaw,sim_clocktime,sim_physics_time
"O(400, 1)",bin,2,4,500,0.017700865268707275,56.49441339841528,104.78208065032959,4.150000216439366
"O(400, 1)",bin,4,4,500,0.018201272010803224,54.941215064884354,103.11315846443176,4.150000216439366
"O(400, 1)",bin,2,4,500,0.01722035789489746,58.07080236679103,99.49230670928955,4.150000216439366
"O(400, 1)",bin,5,4,500,0.01824482822418213,54.81005289348662,109.43924522399902,4.150000216439366
"O(400, 1)",bin,4,4,500,0.01775852680206299,56.31097732069932,104.10114359855652,4.150000216439366
"O(400, 1)",bin,2,4,500,0.017033566474914552,58.70761131984348,95.55217242240906,4.150000216439366
"O(400, 1)",bin,4,4,500,0.01743396520614624,57.35929767987927,99.52488040924072,4.150000216439366
"O(400, 1)",bin,3,4,500,0.017712549209594728,56.45714731216154,104.73827862739563,4.150000216439366
"O(400, 1)",bin,2,4,500,0.017047340869903563,58.66017507548419,100.92070722579956,4.150000216439366
"O(400, 1)",bin,1,4,500,0.017465351104736328,57.25622084567288,98.1225893497467,4.150000216439366
"O(400, 1)",bin,4,4,500,0.017174652576446535,58.225340835797084,97.07967448234558,4.150000216439366
"O(400, 1)",bin,2,4,500,0.01763050079345703,56.71988627635107,102.34356260299683,4.150000216439366
"O(400, 1)",bin,1,4,500,0.01894591951370239,52.78181400890904,98.72182250022888,4.150000216439366
"O(400, 1)",bin,2,4,500,0.01814773416519165,55.103297794501245,103.81696105003357,4.150000216439366
"O(400, 1)",bin,1,4,500,0.01693178939819336,59.06050308579323,96.71563982963562,4.150000216439366
"O(400, 1)",bin,5,4,500,0.017639785289764405,56.69003242234792,103.56613421440125,4.150000216439366
"O(400, 1)",bin,5,4,500,0.018073421001434328,55.329868093076506,103.13757181167603,4.150000216439366
"O(400, 1)",bin,4,4,500,0.01838725996017456,54.385482239655374,104.6820478439331,4.150000216439366
"O(400, 1)",bin,5,4,500,0.01728627872467041,57.84935068603475,102.64805006980896,4.150000216439366
"O(400, 1)",bin,4,4,500,0.017889895915985107,55.89747445687892,100.69091773033142,4.150000216439366
"O(400, 1)",bin,3,4,500,0.01777674102783203,56.253280532936664,109.30221772193909,4.150000216439366
"O(400, 1)",bin,3,4,500,0.018329732418060303,54.55617011706614,94.783855676651,4.150000216439366
"O(400, 1)",bin,3,4,500,0.016633278369903564,60.120439143819716,92.43351030349731,4.150000216439366
"O(400, 1)",bin,3,4,500,0.017507262229919433,57.11915357565315,105.73458433151245,4.150000216439366
"O(400, 1)",bin,5,4,500,0.017528432369232176,57.05016734727,111.59217357635498,4.150000216439366
"O(400, 1)",bin,1,4,500,0.01769087839126587,56.52630569738742,103.81467342376709,4.150000216439366
"O(400, 1)",bin,5,4,500,0.017423869132995606,57.3925339066223,105.95286893844604,4.150000216439366
"O(400, 1)",bin,1,4,500,0.0181362566947937,55.13816973527209,105.12049126625061,4.150000216439366
"O(400, 1)",bin,3,4,500,0.01689571237564087,59.186613607469695,92.9873194694519,4.150000216439366
"O(400, 1)",bin,1,4,500,0.01812000370025635,55.18762669931755,98.00585865974426,4.150000216439366
"O(400, 5)",bin,2,4,500,0.04669964170455933,21.413440521158627,133.73376655578613,4.150000216439366
"O(400, 5)",bin,4,4,500,0.051085935592651364,19.57485927190983,134.99816226959229,4.150000216439366
"O(400, 5)",bin,5,4,500,0.049785144329071045,20.08631316583469,133.32886028289795,4.150000216439366
"O(400, 5)",bin,4,4,500,0.04712588882446289,21.21975892539354,133.1201250553131,4.150000216439366
"O(400, 5)",bin,2,4,500,0.047372750759124754,21.10918162816171,132.66594052314758,4.150000216439366
"O(400, 5)",bin,3,4,500,0.04667727947235108,21.42369930947544,132.13782238960266,4.150000216439366
"O(400, 5)",bin,1,4,500,0.051071781635284426,19.580284219204152,132.7579643726349,4.150000216439366
"O(400, 5)",bin,1,4,500,0.047379505157470705,21.106172313881206,131.6599576473236,4.150000216439366
"O(400, 5)",bin,5,4,500,0.04688931608200073,21.3268199146088,130.46354007720947,4.150000216439366
"O(400, 5)",bin,1,4,500,0.050701525211334225,19.723272541245997,131.45678758621216,4.150000216439366
"O(400, 5)",bin,3,4,500,0.04771458482742309,20.957952450322235,141.18970203399658,4.150000216439366
"O(400, 5)",bin,3,4,500,0.04719859600067139,21.187070903248376,134.12082147598267,4.150000216439366
"O(400, 5)",bin,5,4,500,0.050263761520385745,19.8950490323814,133.19630360603333,4.150000216439366
"O(400, 5)",bin,2,4,500,0.047216488361358645,21.17904220972068,131.80832242965698,4.150000216439366
"O(400, 5)",bin,4,4,500,0.05069241809844971,19.7268159127446,134.71175074577332,4.150000216439366
"O(400, 5)",bin,4,4,500,0.07959130144119263,12.564187064322184,212.67108058929443,4.150000216439366
"O(400, 5)",bin,2,4,500,0.08263867712020874,12.100871345573085,216.84700179100037,4.150000216439366
"O(400, 5)",bin,2,4,500,0.07951670217514038,12.575974262582458,213.9216709136963,4.150000216439366
"O(400, 5)",bin,1,4,500,0.08483021688461304,11.788252308257217,212.28223943710327,4.150000216439366
"O(400, 5)",bin,4,4,500,0.08021817636489868,12.466002660683435,214.01330757141113,4.150000216439366
"O(400, 5)",bin,3,4,500,0.08111649084091187,12.327949466665546,215.7681019306183,4.150000216439366
"O(400, 5)",bin,2,4,500,0.08211283826828003,12.178363591973136,227.6985948085785,4.150000216439366
"O(400, 5)",bin,1,4,500,0.0801980152130127,12.46913651595885,207.23299312591553,4.150000216439366
"O(400, 5)",bin,5,4,500,0.07826717662811279,12.77674809647867,211.18552374839783,4.150000216439366
"O(400, 5)",bin,4,4,500,0.08346184968948364,11.981522141199346,216.53177952766418,4.150000216439366
"O(400, 5)",bin,1,4,500,0.07919951963424683,12.626339207840193,211.46243166923523,4.150000216439366
"O(400, 5)",bin,3,4,500,0.07921436166763306,12.623973468293432,214.31218433380127,4.150000216439366
"O(400, 5)",bin,5,4,500,0.07915945291519165,12.632730055264037,212.18960213661194,4.150000216439366
"O(400, 5)",bin,5,4,500,0.08160713624954223,12.25383031383618,216.2924165725708,4.150000216439366
"O(400, 5)",bin,3,4,500,0.07904865121841431,12.650437225512722,218.6648304462433,4.150000216439366
"O-(400, 5)",bin,2,4,500,0.05778267192840576,17.306226358639595,164.7358260154724,4.150000216439366
"O-(400, 5)",bin,4,4,500,0.06264745044708252,15.962341529679438,167.38120532035828,4.150000216439366
"O-(400, 5)",bin,3,4,500,0.057144258499145506,17.49957084516117,162.71652722358704,4.150000216439366
"O-(400, 5)",bin,5,4,500,0.056617902278900144,17.66225804470808,161.74411416053772,4.150000216439366
"O-(400, 5)",bin,1,4,500,0.05644612884521484,17.716006756498306,173.43906998634338,4.150000216439366
"O-(400, 5)",bin,4,4,500,0.05896849060058594,16.958209203171695,163.46941781044006,4.150000216439366
"O-(400, 5)",bin,4,4,500,0.05537215948104859,18.05961713200395,161.29258227348328,4.150000216439366
"O-(400, 5)",bin,5,4,500,0.056079965591430664,17.83167998506771,160.43288707733154,4.150000216439366
"O-(400, 5)",bin,3,4,500,0.055904404640197754,17.887678197022698,162.46386313438416,4.150000216439366
"O-(400, 5)",bin,4,4,500,0.05534720134735108,18.067760892265245,160.79638576507568,4.150000216439366
"O-(400, 5)",bin,2,4,500,0.05673857355117798,17.62469405576444,160.31168794631958,4.150000216439366
"O-(400, 5)",bin,3,4,500,0.055244985103607175,18.10119050850655,158.649995803833,4.150000216439366
"O-(400, 5)",bin,1,4,500,0.05766949987411499,17.34018852570024,162.85271954536438,4.150000216439366
"O-(400, 5)",bin,1,4,500,0.059584799766540526,16.78280373380635,162.287700176239,4.150000216439366
"O-(400, 5)",bin,1,4,500,0.05523626756668091,18.104047287279244,159.02523493766785,4.150000216439366
"O-(400, 5)",bin,4,4,500,0.0556328649520874,17.97498656345001,160.2752401828766,4.150000216439366
"O-(400, 5)",bin,5,4,500,0.0557080512046814,17.95072666113952,160.4083182811737,4.150000216439366
"O-(400, 5)",bin,2,4,500,0.056572535514831546,17.67642179901644,160.6651473045349,4.150000216439366
"O-(400, 5)",bin,4,4,500,0.05748209047317505,17.396722905661655,161.07592058181763,4.150000216439366
"O-(400, 5)",bin,1,4,500,0.056038622856140134,17.844835383752304,160.7450246810913,4.150000216439366
"O-(400, 5)",bin,1,4,500,0.05691912794113159,17.568786384679797,159.3229832649231,4.150000216439366
"O-(400, 5)",bin,3,4,500,0.055552807807922364,18.000890314267615,160.5478937625885,4.150000216439366
"O-(400, 5)",bin,5,4,500,0.056860363006591794,17.586943647969157,161.59649515151978,4.150000216439366
"O-(400, 5)",bin,5,4,500,0.05660313081741333,17.666867283821002,160.84765672683716,4.150000216439366
"O-(400, 5)",bin,3,4,500,0.055553651809692385,18.000616834797007,159.29074501991272,4.150000216439366
"O-(400, 5)",bin,2,4,500,0.0598393988609314,16.71139782543656,161.94018530845642,4.150000216439366
"O-(400, 5)",bin,2,4,500,0.0551089825630188,18.14586213520581,159.62301445007324,4.150000216439366
"O-(400, 5)",bin,5,4,500,0.05550225257873535,18.017286750324278,159.19395756721497,4.150000216439366
"O-(400, 5)",bin,2,4,500,0.0580975456237793,17.21243108057736,160.53899693489075,4.150000216439366
"O-(400, 5)",bin,3,4,500,0.05655572319030762,17.681676470390844,163.50854182243347,4.150000216439366
"SC(1600, 5)",bin,2,4,500,0.0588816294670105,16.983225652073166,66.76356339454651,4.150000216439366
"SC(1600, 5)",bin,4,4,500,0.05656349563598633,17.67924681380174,65.44056963920593,4.150000216439366
"SC(1600, 5)",bin,3,4,500,0.055081194400787355,18.155016623708246,64.49619650840759,4.150000216439366
"SC(1600, 5)",bin,3,4,500,0.04218322658538819,23.706105031481616,61.19670820236206,4.150000216439366
"SC(1600, 5)",bin,5,4,500,0.04265208768844604,23.44551120931153,60.897478342056274,4.150000216439366
"SC(1600, 5)",bin,1,4,500,0.048258525371551515,20.721727245099405,61.99407958984375,4.150000216439366
"SC(1600, 5)",bin,1,4,500,0.059247358798980715,16.878389522693862,65.27113842964172,4.150000216439366
"SC(1600, 5)",bin,1,4,500,0.03888339376449585,25.717919738608128,59.86399960517883,4.150000216439366
"SC(1600, 5)",bin,2,4,500,0.0546027569770813,18.314093561607798,64.97475719451904,4.150000216439366
"SC(1600, 5)",bin,4,4,500,0.05198194408416748,19.237449033857455,64.57518124580383,4.150000216439366
"SC(1600, 5)",bin,4,4,500,0.052715761184692386,18.969658742030653,64.32867789268494,4.150000216439366
"SC(1600, 5)",bin,5,4,500,0.061811789989471434,16.17814336343168,66.32724809646606,4.150000216439366
"SC(1600, 5)",bin,4,4,500,0.05370469331741333,18.620346532651325,64.2859959602356,4.150000216439366
"SC(1600, 5)",bin,5,4,500,0.03893551635742187,25.6834914123177,61.749497413635254,4.150000216439366
"SC(1600, 5)",bin,1,4,500,0.03876476812362671,25.796620189003807,58.47497820854187,4.150000216439366
"SC(1600, 5)",bin,1,4,500,0.03770227193832398,26.523600530914162,60.190603733062744,4.150000216439366
"SC(1600, 5)",bin,4,4,500,0.039171146869659425,25.528994678850324,61.12267017364502,4.150000216439366
"SC(1600, 5)",bin,2,4,500,0.04298168087005615,23.2657257640351,63.404393434524536,4.150000216439366
"SC(1600, 5)",bin,3,4,500,0.06283860921859741,15.91378314121002,68.52673530578613,4.150000216439366
"SC(1600, 5)",bin,2,4,500,0.04316418313980103,23.167356063734136,61.36211609840393,4.150000216439366
"SC(1600, 5)",bin,5,4,500,0.038692061424255374,25.845094915855725,59.25423240661621,4.150000216439366
"SC(1600, 5)",bin,3,4,500,0.04426430320739746,22.591567641188572,61.79565453529358,4.150000216439366
"SC(1600, 5)",bin,5,4,500,0.04038732957839966,24.760240660596427,61.9238600730896,4.150000216439366
"SC(1600, 5)",bin,3,4,500,0.039217753887176514,25.49865560574548,59.85772943496704,4.150000216439366
"SC(1600, 5)",bin,1,4,500,0.03672064304351807,27.232638568308516,58.47689723968506,4.150000216439366
"SC(1600, 5)",bin,4,4,500,0.038465176105499266,25.997541185234105,59.576300621032715,4.150000216439366
"SC(1600, 5)",bin,2,4,500,0.04170845699310303,23.975952890450046,62.15075898170471,4.150000216439366
"SC(1600, 5)",bin,5,4,500,0.040632360458374026,24.61092559523963,59.82641005516052,4.150000216439366
"SC(1600, 5)",bin,2,4,500,0.039066975116729734,25.597067523453276,59.901673793792725,4.150000216439366
"SC(1600, 5)",bin,3,4,500,0.06195163583755493,16.141623808322464,68.1620454788208,4.150000216439366
"SC(400, 5)",bin,5,4,500,0.05739168787002563,17.42412598606073,63.14781951904297,4.150000216439366
"SC(400, 5)",bin,2,4,500,0.047762218475341796,20.937050914338705,57.980727434158325,4.150000216439366
"SC(400, 5)",bin,1,4,500,0.04598840045928955,21.744613641982024,58.53380060195923,4.150000216439366
"SC(400, 5)",bin,5,4,500,0.045204011917114255,22.121930279851988,59.40243649482727,4.150000216439366
"SC(400, 5)",bin,3,4,500,0.044286699771881106,22.58014268732954,59.43680667877197,4.150000216439366
"SC(400, 5)",bin,4,4,500,0.05721762084960937,17.47713353248988,61.73373198509216,4.150000216439366
"SC(400, 5)",bin,1,4,500,0.05695353364944458,17.558173056567703,61.76935005187988,4.150000216439366
"SC(400, 5)",bin,1,4,500,0.05222823190689087,19.14673278204661,60.921568155288696,4.150000216439366
"SC(400, 5)",bin,4,4,500,0.05789115333557129,17.273796467716057,62.34738755226135,4.150000216439366
"SC(400, 5)",bin,3,4,500,0.05742848491668701,17.41296155471846,63.74834179878235,4.150000216439366
"SC(400, 5)",bin,1,4,500,0.04843562793731689,20.645959236745167,57.801676511764526,4.150000216439366
"SC(400, 5)",bin,3,4,500,0.05572369480133057,17.945687262218694,62.44890570640564,4.150000216439366
"SC(400, 5)",bin,2,4,500,0.05695060300827026,17.559076588790145,63.78815698623657,4.150000216439366
"SC(400, 5)",bin,2,4,500,0.04453827381134033,22.452598954236528,60.463146686553955,4.150000216439366
"SC(400, 5)",bin,1,4,500,0.042211949348449705,23.68997441329315,56.153374671936035,4.150000216439366
"SC(400, 5)",bin,4,4,500,0.05807212781906128,17.219964853290005,62.59201788902283,4.150000216439366
"SC(400, 5)",bin,4,4,500,0.04721253824234009,21.180814191074404,59.06570839881897,4.150000216439366
"SC(400, 5)",bin,5,4,500,0.05333760929107666,18.74849685411939,59.55051231384277,4.150000216439366
"SC(400, 5)",bin,3,4,500,0.058537320137023924,17.08311890020254,64.80069017410278,4.150000216439366
"SC(400, 5)",bin,4,4,500,0.0446401309967041,22.40136795462882,56.87819957733154,4.150000216439366
"SC(400, 5)",bin,2,4,500,0.05850599718093872,17.092264864870987,62.17429256439209,4.150000216439366
"SC(400, 5)",bin,2,4,500,0.056828551292419434,17.596788537760837,62.053213596343994,4.150000216439366
"SC(400, 5)",bin,1,4,500,0.05965767812728882,16.76230170853023,64.461101770401,4.150000216439366
"SC(400, 5)",bin,4,4,500,0.043707660675048825,22.87928442189232,57.87056088447571,4.150000216439366
"SC(400, 5)",bin,5,4,500,0.05793868923187256,17.259624151971522,64.63922238349915,4.150000216439366
"SC(400, 5)",bin,3,4,500,0.0597438383102417,16.73812778494637,62.75816512107849,4.150000216439366
"SC(400, 5)",bin,2,4,500,0.04062575197219848,24.614928990959537,57.52492904663086,4.150000216439366
"SC(400, 5)",bin,5,4,500,0.04396740818023682,22.744119823953966,57.64665746688843,4.150000216439366
"SC(400, 5)",bin,5,4,500,0.058417535781860354,17.118147600989996,64.35231971740723,4.150000216439366
"SC(400, 5)",bin,3,4,500,0.05601089715957642,17.85366867363284,61.46359348297119,4.150000216439366
"SD(400, 5)",bin,2,4,500,0.07322875595092773,13.655837614804257,169.90453720092773,4.150000216439366
"SD(400, 5)",bin,3,4,500,0.05889504146575928,16.979358110841734,163.0014317035675,4.150000216439366
"SD(400, 5)",bin,3,4,500,0.057114627838134764,17.508649497534005,161.83276653289795,4.150000216439366
"SD(400, 5)",bin,5,4,500,0.07778470134735108,12.855998450575198,169.6943018436432,4.150000216439366
"SD(400, 5)",bin,4,4,500,0.05729868650436401,17.452407044685703,160.92895984649658,4.150000216439366
"SD(400, 5)",bin,4,4,500,0.05708318281173706,17.518294368729325,162.97014951705933,4.150000216439366
"SD(400, 5)",bin,3,4,500,0.0572057204246521,17.480769275812886,171.7209596633911,4.150000216439366
"SD(400, 5)",bin,4,4,500,0.0683034462928772,14.64054969806526,166.77619409561157,4.150000216439366
"SD(400, 5)",bin,5,4,500,0.06614988803863525,15.117183560702987,166.76304650306702,4.150000216439366
"SD(400, 5)",bin,2,4,500,0.08202024173736572,12.19211232273695,172.62071585655212,4.150000216439366
"SD(400, 5)",bin,1,4,500,0.056825321674346924,17.59778863603754,168.46724677085876,4.150000216439366
"SD(400, 5)",bin,5,4,500,0.057020168781280516,17.537654155950094,163.81175303459167,4.150000216439366
"SD(400, 5)",bin,2,4,500,0.056502507209777834,17.698329673890093,161.4540090560913,4.150000216439366
"SD(400, 5)",bin,1,4,500,0.05814118957519531,17.199510490006013,162.30575394630432,4.150000216439366
"SD(400, 5)",bin,1,4,500,0.056605891227722166,17.666005751540222,166.55160307884216,4.150000216439366
"SD(400, 5)",bin,5,4,500,0.05552593994140625,18.00960057687002,158.6457211971283,4.150000216439366
"SD(400, 5)",bin,4,4,500,0.05350318670272827,18.690475495527956,154.95211100578308,4.150000216439366
"SD(400, 5)",bin,3,4,500,0.05600372123718262,17.85595631698968,158.2497091293335,4.150000216439366
"SD(400, 5)",bin,2,4,500,0.05317543888092041,18.805674594230844,161.607088804245,4.150000216439366
"SD(400, 5)",bin,2,4,500,0.053671791553497314,18.631761136634516,158.819721698761,4.150000216439366
"SD(400, 5)",bin,1,4,500,0.05317160320281982,18.80703119267556,156.6637613773346,4.150000216439366
"SD(400, 5)",bin,3,4,500,0.053118370056152345,18.82587886154795,159.45090198516846,4.150000216439366
"SD(400, 5)",bin,1,4,500,0.05339040613174439,18.729956792844643,156.54002165794373,4.150000216439366
"SD(400, 5)",bin,3,4,500,0.05519087553024292,18.118937059659988,158.26971459388733,4.150000216439366
"SD(400, 5)",bin,1,4,500,0.053681887626647946,18.628257019479232,156.20971179008484,4.150000216439366
"SD(400, 5)",bin,5,4,500,0.054093722820281985,18.486433320966743,158.7843234539032,4.150000216439366
"SD(400, 5)",bin,4,4,500,0.053076694011688234,18.840661021196723,159.14709448814392,4.150000216439366
"SD(400, 5)",bin,5,4,500,0.05385046434402466,18.569942008512353,158.1066734790802,4.150000216439366
"SD(400, 5)",bin,4,4,500,0.05407411670684815,18.49313610467827,164.9696798324585,4.150000216439366
"SD(400, 5)",bin,2,4,500,0.0782820520401001,12.774320216947666,166.73201060295105,4.150000216439366
CC(1000),bin,3,4,500,0.05063877868652344,19.74771165375936,64.18509793281555,4.150000216439366
CC(1000),bin,4,4,500,0.04678710126876831,21.373412177332895,62.89542889595032,4.150000216439366
CC(1000),bin,4,4,500,0.04562649250030518,21.91709125993657,60.926151514053345,4.150000216439366
CC(1000),bin,5,4,500,0.046087014198303224,21.698086052986632,63.32605504989624,4.150000216439366
CC(1000),bin,4,4,500,0.02727458667755127,36.66416697060579,53.319034814834595,4.150000216439366
CC(1000),bin,1,4,500,0.014848633766174317,67.34626334969843,46.77016067504883,4.150000216439366
CC(1000),bin,4,4,500,0.005836379051208496,171.33911132672876,41.9842426776886,4.150000216439366
CC(1000),bin,3,4,500,0.005447707176208496,183.5634639775153,42.0472674369812,4.150000216439366
CC(1000),bin,2,4,500,0.03457990980148316,28.91852540220071,57.00321316719055,4.150000216439366
CC(1000),bin,3,4,500,0.027417431354522705,36.473146848420676,53.06815576553345,4.150000216439366
CC(1000),bin,3,4,500,0.05179919958114624,19.30531761274508,65.6417944431305,4.150000216439366
CC(1000),bin,2,4,500,0.006003634452819824,166.56577076079537,43.49470376968384,4.150000216439366
CC(1000),bin,1,4,500,0.005563425540924072,179.74537317774585,42.183807611465454,4.150000216439366
CC(1000),bin,4,4,500,0.04648917627334595,21.510383279760084,63.41650462150574,4.150000216439366
CC(1000),bin,2,4,500,0.027827826023101805,35.93525412908039,54.024365186691284,4.150000216439366
CC(1000),bin,1,4,500,0.005316431045532226,188.09611023552554,41.53437376022339,4.150000216439366
CC(1000),bin,2,4,500,0.03439382076263428,29.074990153068654,56.49292254447937,4.150000216439366
CC(1000),bin,5,4,500,0.04626062679290772,21.616654795375826,62.584415674209595,4.150000216439366
CC(1000),bin,5,4,500,0.026014724254608153,38.43976934804003,52.28258776664734,4.150000216439366
CC(1000),bin,5,4,500,0.046083162784576415,21.699899476836478,62.85337257385254,4.150000216439366
CC(1000),bin,3,4,500,0.05273646068572998,18.962212992624877,65.95308542251587,4.150000216439366
CC(1000),bin,5,4,500,0.027205638408660887,36.75708634286821,53.262572288513184,4.150000216439366
CC(1000),bin,1,4,500,0.004618255138397217,216.53199531697024,41.86586785316467,4.150000216439366
CC(1000),bin,2,4,500,0.0638483214378357,15.662118869853527,71.27245140075684,4.150000216439366
CC(1000),bin,2,4,500,0.005575242519378662,179.3643947369389,43.52869725227356,4.150000216439366
CC(1000),bin,5,4,500,0.00791979217529297,126.26593954316837,43.590123414993286,4.150000216439366
CC(1000),bin,3,4,500,0.007854758262634277,127.31136548874855,43.561540842056274,4.150000216439366
CC(1000),bin,4,4,500,0.005899116039276123,169.51692310204317,42.53591799736023,4.150000216439366
CC(1000),bin,1,4,500,0.005949767112731934,168.07380542006348,42.61312818527222,4.150000216439366
CC(1000),bin,1,4,500,0.04091034460067749,24.443695347983933,60.26091909408569,4.150000216439366
CC(500),bin,3,4,500,0.039259859561920164,25.471308638351402,63.924126625061035,4.150000216439366
CC(500),bin,5,4,500,0.033690882205963134,29.681621095187722,62.90090584754944,4.150000216439366
CC(500),bin,4,4,500,0.027901857376098634,35.839907950236416,59.10794281959534,4.150000216439366
CC(500),bin,1,4,500,0.005342396736145019,187.18190531120732,47.54163599014282,4.150000216439366
CC(500),bin,4,4,500,0.03321577501296997,30.1061769478365,61.577723026275635,4.150000216439366
CC(500),bin,1,4,500,0.01229331111907959,81.34504937794748,49.940455198287964,4.150000216439366
CC(500),bin,2,4,500,0.02708233976364136,36.92443151985421,57.79073190689087,4.150000216439366
CC(500),bin,2,4,500,0.02067214775085449,48.374267253322266,55.15175104141235,4.150000216439366
CC(500),bin,1,4,500,0.043484163284301755,22.99687804642686,66.31385326385498,4.150000216439366
CC(500),bin,1,4,500,0.005231420516967774,191.15267005521056,48.21556806564331,4.150000216439366
CC(500),bin,4,4,500,0.023867013454437255,41.89883254178516,57.10752201080322,4.150000216439366
CC(500),bin,1,4,500,0.018223431587219237,54.874406898277975,53.03045582771301,4.150000216439366
CC(500),bin,2,4,500,0.01880786895751953,53.16923476331391,53.006157875061035,4.150000216439366
CC(500),bin,2,4,500,0.023779860973358154,42.05239051314695,57.95105457305908,4.150000216439366
CC(500),bin,3,4,500,0.006644289016723633,150.5051928781253,48.134066343307495,4.150000216439366
CC(500),bin,4,4,500,0.022908947944641114,43.651066055781975,57.186309576034546,4.150000216439366
CC(500),bin,5,4,500,0.020112200260162354,49.72106418315504,55.2080819606781,4.150000216439366
CC(500),bin,5,4,500,0.02298450756072998,43.50756688424959,57.059839725494385,4.150000216439366
CC(500),bin,5,4,500,0.01974652910232544,50.641811268099545,55.83097505569458,4.150000216439366
CC(500),bin,2,4,500,0.017737136840820313,56.37888510272956,52.67741394042969,4.150000216439366
CC(500),bin,3,4,500,0.018965710163116455,52.726736378411445,55.45066213607788,4.150000216439366
CC(500),bin,5,4,500,0.027879886150360106,35.868152208615946,59.333200216293335,4.150000216439366
CC(500),bin,5,4,500,0.006585400581359863,151.85105107053388,48.236764669418335,4.150000216439366
CC(500),bin,3,4,500,0.02013119125366211,49.6741592387429,55.26476430892944,4.150000216439366
CC(500),bin,4,4,500,0.21167682886123657,4.7241826390716755,148.9760775566101,4.150000216439366
CC(500),bin,3,4,500,0.01774343729019165,56.35886573977341,53.03629231452942,4.150000216439366
CC(500),bin,2,4,500,0.027276388168334963,36.66174545649323,58.64037847518921,4.150000216439366
CC(500),bin,1,4,500,0.005181691646575928,192.98716870981738,46.98079586029053,4.150000216439366
CC(500),bin,3,4,500,0.03924265766143799,25.482473909575585,65.13795471191406,4.150000216439366
CC(500),bin,4,4,500,0.020414332866668702,48.985191263964346,54.9401650428772,4.150000216439366
"O(400, 1)",reach,10,4,500,0.01993608045578003,50.16031121152864,107.14538502693176,4.150000216439366
"O(400, 1)",reach,5,4,500,0.01930964708328247,51.787585536234914,111.87702417373657,4.150000216439366
"O(400, 1)",reach,10,4,500,0.024087997913360595,41.51445062378315,99.49434924125671,4.150000216439366
"O(400, 1)",reach,4,4,500,0.01836027145385742,54.46542566177059,103.72176742553711,4.150000216439366
"O(400, 1)",reach,7,4,500,0.01748612070083618,57.18821327546826,102.2492835521698,4.150000216439366
"O(400, 1)",reach,9,4,500,0.01915989351272583,52.19235688005306,103.87823367118835,4.150000216439366
"O(400, 1)",reach,2,4,500,0.019324615955352783,51.747470806684106,94.91671109199524,4.150000216439366
"O(400, 1)",reach,5,4,500,0.01742749357223511,57.38059783841585,105.65114569664001,4.150000216439366
"O(400, 1)",reach,5,4,500,0.019543720722198486,51.167329610075875,104.97027826309204,4.150000216439366
"O(400, 1)",reach,9,4,500,0.01791324758529663,55.82460663474611,94.3342969417572,4.150000216439366
"O(400, 1)",reach,4,4,500,0.016886748790740966,59.218030207703556,97.48458743095398,4.150000216439366
"O(400, 1)",reach,10,4,500,0.018583288192749025,53.81178990649179,101.60809850692749,4.150000216439366
"O(400, 1)",reach,1,4,500,0.01661581230163574,60.18363603575103,105.98316168785095,4.150000216439366
"O(400, 1)",reach,6,4,500,0.01592655038833618,62.78823572067123,100.0381989479065,4.150000216439366
"O(400, 1)",reach,7,4,500,0.018238787174224853,54.82820707580848,100.37454342842102,4.150000216439366
"O(400, 1)",reach,3,4,500,0.018052307605743407,55.39458011904508,104.74828767776489,4.150000216439366
"O(400, 1)",reach,1,4,500,0.016664391040802,60.00819337181572,100.46916699409485,4.150000216439366
"O(400, 1)",reach,3,4,500,0.030063936710357664,33.262443625870155,109.35168385505676,4.150000216439366
"O(400, 1)",reach,7,4,500,0.039866535186767575,25.08369476592784,110.79010057449341,4.150000216439366
"O(400, 1)",reach,8,4,500,0.031915490627288816,31.332747212883717,111.5177674293518,4.150000216439366
"O(400, 1)",reach,10,4,500,0.04352272367477417,22.97650320491319,125.8700258731842,4.150000216439366
"O(400, 1)",reach,2,4,500,0.030043363094329836,33.28522165977925,105.24380135536194,4.150000216439366
"O(400, 1)",reach,9,4,500,0.029976322650909423,33.35966227897744,116.14801144599915,4.150000216439366
"O(400, 1)",reach,6,4,500,0.02595056629180908,38.53480454935719,94.44863295555115,4.150000216439366
"O(400, 1)",reach,10,4,500,0.02946309232711792,33.94076863682082,119.62158465385437,4.150000216439366
"O(400, 1)",reach,1,4,500,0.02628825283050537,38.03980456394507,94.51382732391357,4.150000216439366
"O(400, 1)",reach,10,4,500,0.03469289350509643,28.824346976221474,121.74057531356812,4.150000216439366
"O(400, 1)",reach,5,4,500,0.0349553747177124,28.607903879608116,120.54384326934814,4.150000216439366
"O(400, 1)",reach,3,4,500,0.03152181100845337,31.724065591657308,108.98058700561523,4.150000216439366
"O(400, 1)",reach,3,4,500,0.029303372859954834,34.12576445650637,112.94501042366028,4.150000216439366
"O(400, 1)",reach,2,4,500,0.029955289840698243,33.38308543559365,109.35552525520325,4.150000216439366
"O(400, 1)",reach,4,4,500,0.03012326955795288,33.19692764678623,113.28113412857056,4.150000216439366
"O(400, 1)",reach,7,4,500,0.03167422389984131,31.57141286751497,103.96556448936462,4.150000216439366
"O(400, 1)",reach,4,4,500,0.031380098342895506,31.867331614860962,120.91382098197937,4.150000216439366
"O(400, 1)",reach,8,4,500,0.03014679765701294,33.171019070656534,112.43714547157288,4.150000216439366
"O(400, 1)",reach,6,4,500,0.026614174842834473,37.57396221770284,92.838632106781,4.150000216439366
"O(400, 1)",reach,1,4,500,0.026777138710021974,37.34528960802397,96.02032995223999,4.150000216439366
"O(400, 1)",reach,2,4,500,0.03144966983795166,31.79683618787175,106.31295561790466,4.150000216439366
"O(400, 1)",reach,5,4,500,0.04443182992935181,22.506387911324733,126.03636574745178,4.150000216439366
"O(400, 1)",reach,9,4,500,0.029691383838653565,33.679804398276495,115.59152150154114,4.150000216439366
"O(400, 1)",reach,7,4,500,0.02951418161392212,33.88201689211977,102.62512993812561,4.150000216439366
"O(400, 1)",reach,5,4,500,0.03201348352432251,31.236838041703322,120.27693033218384,4.150000216439366
"O(400, 1)",reach,9,4,500,0.03170263195037842,31.543122399591923,113.62778997421265,4.150000216439366
"O(400, 1)",reach,8,4,500,0.02991280937194824,33.4304941928251,108.30334758758545,4.150000216439366
"O(400, 1)",reach,4,4,500,0.03197598648071289,31.273468313578842,117.26559972763062,4.150000216439366
"O(400, 1)",reach,6,4,500,0.02575676488876343,38.8247516455864,92.96041560173035,4.150000216439366
"O(400, 1)",reach,1,4,500,0.026545886993408204,37.670619190397254,98.89121389389038,4.150000216439366
"O(400, 1)",reach,9,4,500,0.01820648431777954,54.925486027165064,96.61374163627625,4.150000216439366
"O(400, 1)",reach,3,4,500,0.017582404613494872,56.87504195145632,96.48217272758484,4.150000216439366
"O(400, 1)",reach,6,4,500,0.01615985870361328,61.881729187174386,98.84076642990112,4.150000216439366
"O(400, 1)",reach,6,4,500,0.01627708339691162,61.43606785167286,99.12959146499634,4.150000216439366
"O(400, 1)",reach,8,4,500,0.017262925624847412,57.9276086644693,97.458172082901,4.150000216439366
"O(400, 1)",reach,8,4,500,0.017778398036956786,56.24803752966118,97.49609160423279,4.150000216439366
"O(400, 1)",reach,7,4,500,0.019020680904388427,52.57435341177935,101.05623126029968,4.150000216439366
"O(400, 1)",reach,3,4,500,0.018065848350524903,55.3530606809807,109.84183359146118,4.150000216439366
"O(400, 1)",reach,1,4,500,0.017674350261688232,56.579166147207566,102.40479373931885,4.150000216439366
"O(400, 1)",reach,2,4,500,0.017877315521240233,55.93680990928919,104.5437560081482,4.150000216439366
"O(400, 1)",reach,4,4,500,0.018358232975006102,54.47147344526319,104.29855489730835,4.150000216439366
"O(400, 1)",reach,2,4,500,0.01756427192687988,56.933757582608784,97.11185932159424,4.150000216439366
"O(400, 1)",reach,8,4,500,0.01967194128036499,50.833823960125514,100.94288158416748,4.150000216439366
"O(400, 5)",reach,7,4,500,0.05625314903259277,17.776782583684433,152.36297035217285,4.150000216439366
"O(400, 5)",reach,2,4,500,0.05746602964401245,17.40158500934809,154.04113221168518,4.150000216439366
"O(400, 5)",reach,6,4,500,0.05253220939636231,19.03594026390306,155.1257438659668,4.150000216439366
"O(400, 5)",reach,3,4,500,0.058717593669891356,17.03067066443444,160.2645673751831,4.150000216439366
"O(400, 5)",reach,3,4,500,0.06019655418395996,16.612246557236677,161.05227613449097,4.150000216439366
"O(400, 5)",reach,8,4,500,0.05827474308013916,17.160092814562983,158.94050288200378,4.150000216439366
"O(400, 5)",reach,1,4,500,0.05143432092666626,19.442270880289726,144.86568021774292,4.150000216439366
"O(400, 5)",reach,7,4,500,0.057596247673034666,17.362242166830924,152.5742084980011,4.150000216439366
"O(400, 5)",reach,7,4,500,0.06056743288040161,16.51052310529046,156.861319065094,4.150000216439366
"O(400, 5)",reach,9,4,500,0.05863363838195801,17.055056237269206,163.04529786109924,4.150000216439366
"O(400, 5)",reach,4,4,500,0.05692874336242676,17.56581896834921,166.9042522907257,4.150000216439366
"O(400, 5)",reach,1,4,500,0.05144192886352539,19.43939549103969,145.34867668151855,4.150000216439366
"O(400, 5)",reach,8,4,500,0.06028811836242676,16.587016267258857,161.3462028503418,4.150000216439366
"O(400, 5)",reach,3,4,500,0.06269969511032104,15.949040872375617,163.28054237365723,4.150000216439366
"O(400, 5)",reach,2,4,500,0.05901037931442261,16.946171362019903,156.27958011627197,4.150000216439366
"O(400, 5)",reach,5,4,500,0.060163168907165526,16.621464895624847,170.91307878494263,4.150000216439366
"O(400, 5)",reach,6,4,500,0.05696327257156372,17.555171163027662,144.83813953399658,4.150000216439366
"O(400, 5)",reach,10,4,500,0.05891205263137817,16.974455231718963,173.07820749282837,4.150000216439366
"O(400, 5)",reach,1,4,500,0.07598731327056885,13.160091559485585,157.13249254226685,4.150000216439366
"O(400, 5)",reach,5,4,500,0.05981673622131348,16.71772923718441,182.05037713050842,4.150000216439366
"O(400, 5)",reach,9,4,500,0.06016365146636963,16.62133157856919,165.475515127182,4.150000216439366
"O(400, 5)",reach,4,4,500,0.06029875183105469,16.584091206428358,163.6869342327118,4.150000216439366
"O(400, 5)",reach,8,4,500,0.0619129900932312,16.15169932019367,162.37389087677002,4.150000216439366
"O(400, 5)",reach,10,4,500,0.06660627841949462,15.013599674521306,170.06143045425415,4.150000216439366
"O(400, 5)",reach,5,4,500,0.06462407732009888,15.474108745054187,170.50100827217102,4.150000216439366
"O(400, 5)",reach,10,4,500,0.05653980445861816,17.68665473068458,171.42627120018005,4.150000216439366
"O(400, 5)",reach,6,4,500,0.050878840923309326,19.65453579234086,145.88599944114685,4.150000216439366
"O(400, 5)",reach,2,4,500,0.05726684236526489,17.46211173337799,153.75303769111633,4.150000216439366
"O(400, 5)",reach,9,4,500,0.05884892416000366,16.992664084752196,166.03230381011963,4.150000216439366
"O(400, 5)",reach,4,4,500,0.05804789066314697,17.227154829845915,163.615149974823,4.150000216439366
"O(400, 5)",reach,1,4,500,0.07554648447036744,13.23688331774383,202.66704654693604,4.150000216439366
"O(400, 5)",reach,1,4,500,0.07205039644241333,13.8791741527648,199.80219888687134,4.150000216439366
"O(400, 5)",reach,6,4,500,0.07542957830429077,13.257398788123883,194.68499374389648,4.150000216439366
"O(400, 5)",reach,5,4,500,0.1314423861503601,7.607895970909079,244.71755623817444,4.150000216439366
"O(400, 5)",reach,5,4,500,0.0855240297317505,11.692620227748149,220.02530932426453,4.150000216439366
"O(400, 5)",reach,7,4,500,0.08599289751052856,11.62886737102404,203.8592348098755,4.150000216439366
"O(400, 5)",reach,4,4,500,0.08289907121658326,12.062861324313106,214.01332235336304,4.150000216439366
"O(400, 5)",reach,3,4,500,0.08074825096130371,12.384169168930004,204.90054845809937,4.150000216439366
"O(400, 5)",reach,5,4,500,0.08393027925491334,11.914651170917667,227.0238094329834,4.150000216439366
"O(400, 5)",reach,9,4,500,0.083272198677063,12.008809853551353,211.8566770553589,4.150000216439366
"O(400, 5)",reach,4,4,500,0.08496162843704223,11.77001922392547,213.83521580696106,4.150000216439366
"O(400, 5)",reach,3,4,500,0.08473013305664062,11.802176674637314,206.62429857254028,4.150000216439366
"O(400, 5)",reach,9,4,500,0.08057478952407837,12.410829812979745,222.3456768989563,4.150000216439366
"O(400, 5)",reach,3,4,500,0.08334148788452149,11.998825859523969,210.15769863128662,4.150000216439366
"O(400, 5)",reach,6,4,500,0.06888163042068482,14.51765868334767,190.16565942764282,4.150000216439366
"O(400, 5)",reach,10,4,500,0.08864958715438843,11.280368381845271,226.41311120986938,4.150000216439366
"O(400, 5)",reach,8,4,500,0.07968773698806762,12.548982287572542,215.0351812839508,4.150000216439366
"O(400, 5)",reach,9,4,500,0.08274220848083497,12.085730105108608,215.1668348312378,4.150000216439366
"O(400, 5)",reach,8,4,500,0.10569847869873047,9.460874104444521,219.59237599372864,4.150000216439366
"O(400, 5)",reach,7,4,500,0.08673204326629638,11.529764114165575,198.0371377468109,4.150000216439366
"O(400, 5)",reach,4,4,500,0.08242018890380859,12.132949624358245,214.59974884986877,4.150000216439366
"O(400, 5)",reach,10,4,500,0.1276187105178833,7.835841593618589,250.4830141067505,4.150000216439366
"O(400, 5)",reach,2,4,500,0.07849348926544189,12.739910142334152,196.00123834609985,4.150000216439366
"O(400, 5)",reach,1,4,500,0.06952910995483398,14.38246513797744,193.54803681373596,4.150000216439366
"O(400, 5)",reach,2,4,500,0.0816207332611084,12.251788976226848,202.15469193458557,4.150000216439366
"O(400, 5)",reach,6,4,500,0.06878618574142456,14.53780274660262,195.6686508655548,4.150000216439366
"O(400, 5)",reach,8,4,500,0.08143554162979126,12.279650629034114,205.56519293785095,4.150000216439366
"O(400, 5)",reach,2,4,500,0.08195655298233032,12.2015868604869,202.50179839134216,4.150000216439366
"O(400, 5)",reach,10,4,500,0.07895684051513673,12.665147104110519,222.61027789115906,4.150000216439366
"O(400, 5)",reach,7,4,500,0.0789515609741211,12.665994030539586,221.14731645584106,4.150000216439366
"O-(400, 5)",reach,2,4,500,0.06103223705291748,16.384783653480678,160.45521807670593,4.150000216439366
"O-(400, 5)",reach,4,4,500,0.06091324472427368,16.41679087243737,163.89147019386292,4.150000216439366
"O-(400, 5)",reach,10,4,500,0.060290260791778565,16.58642684352701,169.94873905181885,4.150000216439366
"O-(400, 5)",reach,5,4,500,0.06287609004974365,15.90429683539263,186.22871804237366,4.150000216439366
"O-(400, 5)",reach,10,4,500,0.06105095148086548,16.37976109698174,176.20796656608582,4.150000216439366
"O-(400, 5)",reach,4,4,500,0.05912123203277588,16.914397173685686,163.3600573539734,4.150000216439366
"O-(400, 5)",reach,3,4,500,0.06184081029891968,16.170551374833284,164.4936249256134,4.150000216439366
"O-(400, 5)",reach,6,4,500,0.0522405571937561,19.14221543026578,146.0635187625885,4.150000216439366
"O-(400, 5)",reach,9,4,500,0.05893962478637695,16.96651452438726,162.1431074142456,4.150000216439366
"O-(400, 5)",reach,1,4,500,0.05543909978866577,18.037810927883154,151.63873863220215,4.150000216439366
"O-(400, 5)",reach,5,4,500,0.061417855739593505,16.28191000740754,170.7053301334381,4.150000216439366
"O-(400, 5)",reach,10,4,500,0.05819744443893433,17.182885084400645,166.77635598182678,4.150000216439366
"O-(400, 5)",reach,6,4,500,0.05281078290939331,18.93552689259853,147.32617020606995,4.150000216439366
"O-(400, 5)",reach,1,4,500,0.05404527235031128,18.503006026469592,149.33734440803528,4.150000216439366
"O-(400, 5)",reach,8,4,500,0.05706008434295654,17.525385942115932,158.37956857681274,4.150000216439366
"O-(400, 5)",reach,3,4,500,0.057834664821624755,17.290668201920546,159.7179660797119,4.150000216439366
"O-(400, 5)",reach,6,4,500,0.05144792985916138,19.437128038727668,144.68210768699646,4.150000216439366
"O-(400, 5)",reach,4,4,500,0.06250105571746827,15.9997297408932,165.78288412094116,4.150000216439366
"O-(400, 5)",reach,3,4,500,0.05705563402175903,17.52675291661179,160.00864481925964,4.150000216439366
"O-(400, 5)",reach,7,4,500,0.059021656036376956,16.94293361378521,153.12951278686523,4.150000216439366
"O-(400, 5)",reach,9,4,500,0.060999064922332764,16.393693924214297,163.66336679458618,4.150000216439366
"O-(400, 5)",reach,1,4,500,0.053459639549255374,18.705700383158096,145.69475269317627,4.150000216439366
"O-(400, 5)",reach,8,4,500,0.06165654897689819,16.218877257867373,160.26790356636047,4.150000216439366
"O-(400, 5)",reach,7,4,500,0.05800922155380249,17.238638499441304,153.7837951183319,4.150000216439366
"O-(400, 5)",reach,9,4,500,0.06258257293701172,15.978889218992046,166.3651762008667,4.150000216439366
"O-(400, 5)",reach,5,4,500,0.06099976205825806,16.39350656884442,179.56869840621948,4.150000216439366
"O-(400, 5)",reach,2,4,500,0.05846341896057129,17.10471296032852,155.28075528144836,4.150000216439366
"O-(400, 5)",reach,7,4,500,0.05734376621246338,17.438687167754516,153.02316403388977,4.150000216439366
"O-(400, 5)",reach,8,4,500,0.05761075639724732,17.3578696503242,157.26605343818665,4.150000216439366
"O-(400, 5)",reach,10,4,500,0.05897899293899536,16.95518946948357,169.99825501441956,4.150000216439366
"O-(400, 5)",reach,7,4,500,0.06097335863113403,16.400605484923755,154.48217153549194,4.150000216439366
"O-(400, 5)",reach,4,4,500,0.0590714602470398,16.928648721699954,165.74918913841248,4.150000216439366
"O-(400, 5)",reach,4,4,500,0.0581285834312439,17.20324048809529,163.75856184959412,4.150000216439366
"O-(400, 5)",reach,4,4,500,0.06324270153045654,15.812101251215813,166.8483920097351,4.150000216439366
"O-(400, 5)",reach,2,4,500,0.05742777013778687,17.41317828640556,155.68441677093506,4.150000216439366
"O-(400, 5)",reach,10,4,500,0.06001195526123047,16.663346422342453,170.51452946662903,4.150000216439366
"O-(400, 5)",reach,5,4,500,0.061956433296203615,16.140373917574674,180.038400888443,4.150000216439366
"O-(400, 5)",reach,9,4,500,0.05807645606994629,17.218681504870357,161.70499563217163,4.150000216439366
"O-(400, 5)",reach,9,4,500,0.06453807640075683,15.494728937850294,166.56126236915588,4.150000216439366
"O-(400, 5)",reach,8,4,500,0.05659639072418213,17.668971240117024,157.51740026474,4.150000216439366
"O-(400, 5)",reach,10,4,500,0.06299130582809448,15.87520669485779,172.56381702423096,4.150000216439366
"O-(400, 5)",reach,3,4,500,0.05836118078231812,17.134677307676636,167.1525740623474,4.150000216439366
"O-(400, 5)",reach,1,4,500,0.05155574226379395,19.396481479857773,147.06091022491455,4.150000216439366
"O-(400, 5)",reach,1,4,500,0.05263847780227661,18.99750983978397,147.3860239982605,4.150000216439366
"O-(400, 5)",reach,9,4,500,0.059483049392700195,16.811512022494274,163.86833834648132,4.150000216439366
"O-(400, 5)",reach,2,4,500,0.0569357795715332,17.563648158072834,156.64704632759094,4.150000216439366
"O-(400, 5)",reach,7,4,500,0.05743549633026123,17.410835874906972,153.88559699058533,4.150000216439366
"O-(400, 5)",reach,1,4,500,0.054693237781524656,18.283795960198198,147.63184762001038,4.150000216439366
"O-(400, 5)",reach,8,4,500,0.056722898960113524,17.62956439696746,157.204199552536,4.150000216439366
"O-(400, 5)",reach,2,4,500,0.060541494846343996,16.517596774543275,157.95768880844116,4.150000216439366
"O-(400, 5)",reach,6,4,500,0.05115153884887695,19.54975397620819,143.7665672302246,4.150000216439366
"O-(400, 5)",reach,6,4,500,0.051910188674926756,19.26404094314171,143.31855964660645,4.150000216439366
"O-(400, 5)",reach,5,4,500,0.05664234495162964,17.65463631235538,169.00885701179504,4.150000216439366
"O-(400, 5)",reach,3,4,500,0.05921969842910767,16.886273090314827,159.6402771472931,4.150000216439366
"O-(400, 5)",reach,3,4,500,0.05913103151321411,16.911594038005717,159.9146649837494,4.150000216439366
"O-(400, 5)",reach,6,4,500,0.05080073928833008,19.68475289944687,143.67180061340332,4.150000216439366
"O-(400, 5)",reach,7,4,500,0.0576119441986084,17.357511778332846,154.45291876792908,4.150000216439366
"O-(400, 5)",reach,5,4,500,0.060798716068267825,16.44771575237132,169.38721704483032,4.150000216439366
"O-(400, 5)",reach,8,4,500,0.05933100748062134,16.854593280362202,160.91359615325928,4.150000216439366
"O-(400, 5)",reach,2,4,500,0.06268509721755981,15.952755030901868,158.7703275680542,4.150000216439366
"SC(1600, 5)",reach,1,4,500,0.037965435981750485,26.339747566199097,53.85059976577759,4.150000216439366
"SC(1600, 5)",reach,7,4,500,0.06492600202560425,15.402149659633123,67.02600717544556,4.150000216439366
"SC(1600, 5)",reach,1,4,500,0.03430339431762695,29.151634113541512,52.85273814201355,4.150000216439366
"SC(1600, 5)",reach,10,4,500,0.0679932599067688,14.707340130053817,71.08416247367859,4.150000216439366
"SC(1600, 5)",reach,8,4,500,0.043636920928955075,22.91637399504177,58.513805627822876,4.150000216439366
"SC(1600, 5)",reach,2,4,500,0.03850721502304077,25.96915927058476,56.55997610092163,4.150000216439366
"SC(1600, 5)",reach,8,4,500,0.06525777626037597,15.323844257426718,66.23290777206421,4.150000216439366
"SC(1600, 5)",reach,8,4,500,0.04242552995681763,23.57071322427414,57.88313412666321,4.150000216439366
"SC(1600, 5)",reach,2,4,500,0.047356293201446534,21.116517624091706,61.236069679260254,4.150000216439366
"SC(1600, 5)",reach,4,4,500,0.03944722080230713,25.350328354222448,59.35208773612976,4.150000216439366
"SC(1600, 5)",reach,6,4,500,0.034821616172790525,28.717794000078495,51.77688026428223,4.150000216439366
"SC(1600, 5)",reach,6,4,500,0.034995683670043944,28.57495254067555,53.54346179962158,4.150000216439366
"SC(1600, 5)",reach,9,4,500,0.04515082454681397,22.147989766237043,62.20087742805481,4.150000216439366
"SC(1600, 5)",reach,4,4,500,0.04126483154296875,24.23371094969109,61.951828956604004,4.150000216439366
"SC(1600, 5)",reach,4,4,500,0.044726114749908445,22.358302427823713,60.84028506278992,4.150000216439366
"SC(1600, 5)",reach,3,4,500,0.04068376111984253,24.579831669306355,60.105050802230835,4.150000216439366
"SC(1600, 5)",reach,10,4,500,0.046873017787933347,21.334235498219464,67.09087109565735,4.150000216439366
"SC(1600, 5)",reach,7,4,500,0.04574211263656616,21.86169248336383,59.342350244522095,4.150000216439366
"SC(1600, 5)",reach,9,4,500,0.04054442405700684,24.664303988976783,60.03529357910156,4.150000216439366
"SC(1600, 5)",reach,4,4,500,0.03828792858123779,26.117892428634264,59.57786250114441,4.150000216439366
"SC(1600, 5)",reach,2,4,500,0.043275947093963624,23.107524321275587,58.5134482383728,4.150000216439366
"SC(1600, 5)",reach,5,4,500,0.04694797229766846,21.30017444969955,63.14785432815552,4.150000216439366
"SC(1600, 5)",reach,3,4,500,0.03960513496398926,25.249251161730527,59.79234075546265,4.150000216439366
"SC(1600, 5)",reach,4,4,500,0.045590232372283934,21.934522988041156,60.42686867713928,4.150000216439366
"SC(1600, 5)",reach,6,4,500,0.05696118879318237,17.555813373749128,58.529520988464355,4.150000216439366
"SC(1600, 5)",reach,3,4,500,0.04030849409103394,24.80866682197478,59.11286807060242,4.150000216439366
"SC(1600, 5)",reach,5,4,500,0.04386134147644043,22.799120280831755,62.26589822769165,4.150000216439366
"SC(1600, 5)",reach,7,4,500,0.04316444730758667,23.16721427878072,57.37993550300598,4.150000216439366
"SC(1600, 5)",reach,1,4,500,0.03577350759506225,27.95364690875401,53.952229261398315,4.150000216439366
"SC(1600, 5)",reach,7,4,500,0.04380489730834961,22.828497758157987,56.946187257766724,4.150000216439366
"SC(1600, 5)",reach,6,4,500,0.03486676931381225,28.680603901086307,52.18157601356506,4.150000216439366
"SC(1600, 5)",reach,8,4,500,0.044784080028533936,22.32936345600614,59.92218828201294,4.150000216439366
"SC(1600, 5)",reach,10,4,500,0.045825154304504394,21.822076001208462,62.742980003356934,4.150000216439366
"SC(1600, 5)",reach,5,4,500,0.048563846588134764,20.59144961231968,63.7605414390564,4.150000216439366
"SC(1600, 5)",reach,7,4,500,0.04180137968063354,23.92265536783938,56.626912355422974,4.150000216439366
"SC(1600, 5)",reach,6,4,500,0.03598346757888794,27.79054013645743,51.89514923095703,4.150000216439366
"SC(1600, 5)",reach,5,4,500,0.06541428709030152,15.287180285547475,69.67631578445435,4.150000216439366
"SC(1600, 5)",reach,10,4,500,0.06675641870498657,14.979832941896598,69.79104280471802,4.150000216439366
"SC(1600, 5)",reach,5,4,500,0.04582468175888062,21.822301031173108,63.12598633766174,4.150000216439366
"SC(1600, 5)",reach,2,4,500,0.04070025396347046,24.56987125676233,57.19777584075928,4.150000216439366
"SC(1600, 5)",reach,4,4,500,0.03846403455734253,25.998312748736513,59.75196814537048,4.150000216439366
"SC(1600, 5)",reach,3,4,500,0.04080867528915405,24.50459351876525,57.04764699935913,4.150000216439366
"SC(1600, 5)",reach,6,4,500,0.0386618480682373,25.86529227043214,53.608638763427734,4.150000216439366
"SC(1600, 5)",reach,1,4,500,0.03215323543548584,31.101069191200352,52.278425216674805,4.150000216439366
"SC(1600, 5)",reach,1,4,500,0.03786850786209107,26.407166705426686,54.028764486312866,4.150000216439366
"SC(1600, 5)",reach,3,4,500,0.04284707641601562,23.33881523889024,61.27413868904114,4.150000216439366
"SC(1600, 5)",reach,8,4,500,0.0414294605255127,24.13741302241166,59.055020332336426,4.150000216439366
"SC(1600, 5)",reach,10,4,500,0.047736445903778076,20.948354680943172,62.76317310333252,4.150000216439366
"SC(1600, 5)",reach,8,4,500,0.046424641132354734,21.540284978165825,60.24243235588074,4.150000216439366
"SC(1600, 5)",reach,5,4,500,0.06551286363601684,15.264177819426482,69.59074878692627,4.150000216439366
"SC(1600, 5)",reach,3,4,500,0.04256048488616943,23.495972911835004,60.03410363197327,4.150000216439366
"SC(1600, 5)",reach,9,4,500,0.06448442697525024,15.507620163606477,69.34143257141113,4.150000216439366
"SC(1600, 5)",reach,9,4,500,0.047116903781890866,21.223805465425016,61.10256481170654,4.150000216439366
"SC(1600, 5)",reach,2,4,500,0.04025553226470947,24.84130611972215,57.91956925392151,4.150000216439366
"SC(1600, 5)",reach,2,4,500,0.042915827751159666,23.30142635948524,57.79944086074829,4.150000216439366
"SC(1600, 5)",reach,9,4,500,0.04335378742218018,23.06603550600959,62.80652928352356,4.150000216439366
"SC(1600, 5)",reach,10,4,500,0.04781256818771362,20.915002851843663,64.64111614227295,4.150000216439366
"SC(1600, 5)",reach,7,4,500,0.04393450021743774,22.76115569884409,57.848978996276855,4.150000216439366
"SC(1600, 5)",reach,1,4,500,0.0346276683807373,28.878640889268784,53.92493677139282,4.150000216439366
"SC(1600, 5)",reach,9,4,500,0.04763140869140625,20.99455018176739,64.0647599697113,4.150000216439366
"SC(400, 5)",reach,8,4,500,0.04603025388717651,21.724842153838047,59.353700160980225,4.150000216439366
"SC(400, 5)",reach,7,4,500,0.06780370187759399,14.748457271629501,63.420127868652344,4.150000216439366
"SC(400, 5)",reach,4,4,500,0.047351690769195556,21.118570081779335,61.69225859642029,4.150000216439366
"SC(400, 5)",reach,6,4,500,0.03521792459487915,28.394631753666843,42.90599775314331,4.150000216439366
"SC(400, 5)",reach,9,4,500,0.04617538595199585,21.65655964499365,60.07577872276306,4.150000216439366
"SC(400, 5)",reach,3,4,500,0.051055533409118656,19.586515568974495,59.902469635009766,4.150000216439366
"SC(400, 5)",reach,3,4,500,0.04616146659851074,21.66308988181632,58.89946484565735,4.150000216439366
"SC(400, 5)",reach,10,4,500,0.06618559885025024,15.109026999401685,70.93497824668884,4.150000216439366
"SC(400, 5)",reach,8,4,500,0.06829086399078368,14.643247157261866,68.07028365135193,4.150000216439366
"SC(400, 5)",reach,9,4,500,0.06714235591888428,14.893728203522015,69.55719757080078,4.150000216439366
"SC(400, 5)",reach,1,4,500,0.04488285255432129,22.280223806847157,47.16301226615906,4.150000216439366
"SC(400, 5)",reach,2,4,500,0.045194833755493165,22.12642279889913,57.11042666435242,4.150000216439366
"SC(400, 5)",reach,8,4,500,0.06616775178909302,15.113102273558557,66.10935616493225,4.150000216439366
"SC(400, 5)",reach,8,4,500,0.05158524751663208,19.385387259750583,62.482542753219604,4.150000216439366
"SC(400, 5)",reach,7,4,500,0.05241305732727051,19.079215199295387,58.54838991165161,4.150000216439366
"SC(400, 5)",reach,6,4,500,0.03770604372024536,26.520947342536335,44.404255390167236,4.150000216439366
"SC(400, 5)",reach,3,4,500,0.04636780738830566,21.566687241118245,59.14858269691467,4.150000216439366
"SC(400, 5)",reach,7,4,500,0.042267092227935794,23.659067782738674,55.487792015075684,4.150000216439366
"SC(400, 5)",reach,1,4,500,0.04031477451324463,24.804802013005666,45.92796850204468,4.150000216439366
"SC(400, 5)",reach,9,4,500,0.055433950424194335,18.039486494246795,65.47825717926025,4.150000216439366
"SC(400, 5)",reach,10,4,500,0.043824326038360596,22.818377152558455,60.69311451911926,4.150000216439366
"SC(400, 5)",reach,4,4,500,0.04702933692932129,21.263323391160377,60.28807306289673,4.150000216439366
"SC(400, 5)",reach,2,4,500,0.05093297243118286,19.63364697301206,57.23912000656128,4.150000216439366
"SC(400, 5)",reach,10,4,500,0.06672546434402465,14.986782180250968,69.58907747268677,4.150000216439366
"SC(400, 5)",reach,7,4,500,0.052974984645843506,18.876834163999355,57.5802104473114,4.150000216439366
"SC(400, 5)",reach,3,4,500,0.05567673444747925,17.96082349160251,62.432308197021484,4.150000216439366
"SC(400, 5)",reach,7,4,500,0.04855767488479614,20.59406679525978,57.17728114128113,4.150000216439366
"SC(400, 5)",reach,1,4,500,0.04011013126373291,24.931356953802535,45.92657470703125,4.150000216439366
"SC(400, 5)",reach,6,4,500,0.040207302570343016,24.87110390582635,44.749677419662476,4.150000216439366
"SC(400, 5)",reach,4,4,500,0.04800558042526245,20.83091155531077,61.16453552246094,4.150000216439366
"SC(400, 5)",reach,6,4,500,0.04289679956436157,23.311762419469506,46.088298320770264,4.150000216439366
"SC(400, 5)",reach,5,4,500,0.05282660627365112,18.929855058638896,66.54739785194397,4.150000216439366
"SC(400, 5)",reach,2,4,500,0.04984384298324585,20.06265849798405,58.26874089241028,4.150000216439366
"SC(400, 5)",reach,5,4,500,0.052436594009399415,19.070651305474705,62.951337575912476,4.150000216439366
"SC(400, 5)",reach,9,4,500,0.048602628231048585,20.57501901432513,61.70070290565491,4.150000216439366
"SC(400, 5)",reach,1,4,500,0.042965179920196536,23.274661059429953,47.1290545463562,4.150000216439366
"SC(400, 5)",reach,8,4,500,0.05337270641326904,18.73616811291003,60.44735312461853,4.150000216439366
"SC(400, 5)",reach,9,4,500,0.055169180393219,18.126062284639502,65.46689677238464,4.150000216439366
"SC(400, 5)",reach,8,4,500,0.062072422504425045,16.11021383817768,65.25602746009827,4.150000216439366
"SC(400, 5)",reach,10,4,500,0.051393415451049806,19.457745534590135,65.23096489906311,4.150000216439366
"SC(400, 5)",reach,2,4,500,0.05349454689025879,18.693494162151644,60.20970678329468,4.150000216439366
"SC(400, 5)",reach,5,4,500,0.06654059934616088,15.028418887508801,70.51595258712769,4.150000216439366
"SC(400, 5)",reach,2,4,500,0.0454068603515625,22.023103827428333,56.55146670341492,4.150000216439366
"SC(400, 5)",reach,4,4,500,0.05316250705718994,18.810249090101095,64.4209201335907,4.150000216439366
"SC(400, 5)",reach,9,4,500,0.06663579320907592,15.006949746398428,68.92710185050964,4.150000216439366
"SC(400, 5)",reach,10,4,500,0.054719791889190676,18.274923304259488,65.47348999977112,4.150000216439366
"SC(400, 5)",reach,5,4,500,0.051789470195770265,19.308944390044594,64.72459888458252,4.150000216439366
"SC(400, 5)",reach,3,4,500,0.04595533227920532,21.760260461711376,59.225738286972046,4.150000216439366
"SC(400, 5)",reach,7,4,500,0.04964252376556397,20.14402016953216,57.826478242874146,4.150000216439366
"SC(400, 5)",reach,4,4,500,0.046923957824707034,21.31107533033939,59.87557339668274,4.150000216439366
"SC(400, 5)",reach,6,4,500,0.040277578353881835,24.827709134196816,44.727593183517456,4.150000216439366
"SC(400, 5)",reach,1,4,500,0.03403625249862671,29.380437815248545,42.32789611816406,4.150000216439366
"SC(400, 5)",reach,1,4,500,0.03703532743453979,27.00124635775145,43.2406747341156,4.150000216439366
"SC(400, 5)",reach,4,4,500,0.05220004987716675,19.157069818000657,63.476664304733276,4.150000216439366
"SC(400, 5)",reach,6,4,500,0.04193930292129516,23.843982382745768,44.944233417510986,4.150000216439366
"SC(400, 5)",reach,3,4,500,0.04811084461212158,20.785334534493888,59.69946527481079,4.150000216439366
"SC(400, 5)",reach,2,4,500,0.048397789478302,20.66210070293244,58.6127815246582,4.150000216439366
"SC(400, 5)",reach,5,4,500,0.04883715200424194,20.47621449983695,64.00534796714783,4.150000216439366
"SC(400, 5)",reach,10,4,500,0.0654882984161377,15.269903542853069,70.35222482681274,4.150000216439366
"SC(400, 5)",reach,5,4,500,0.056130821228027344,17.815524129561073,66.41803860664368,4.150000216439366
"SD(400, 5)",reach,8,4,500,0.05494342660903931,18.20053938600691,157.58317637443542,4.150000216439366
"SD(400, 5)",reach,1,4,500,0.050015756607055664,19.993699342717353,140.4453628063202,4.150000216439366
"SD(400, 5)",reach,7,4,500,0.0556818904876709,17.959160352528265,149.40697956085205,4.150000216439366
"SD(400, 5)",reach,9,4,500,0.061153051376342776,16.35241377974563,162.1969337463379,4.150000216439366
"SD(400, 5)",reach,6,4,500,0.04923296356201172,20.31159466442525,139.65933656692505,4.150000216439366
"SD(400, 5)",reach,1,4,500,0.04949524545669556,20.203960820336192,140.66224575042725,4.150000216439366
"SD(400, 5)",reach,10,4,500,0.0584132571220398,17.11940147269569,193.84251165390015,4.150000216439366
"SD(400, 5)",reach,3,4,500,0.054609433174133304,18.31185459866057,153.54766702651978,4.150000216439366
"SD(400, 5)",reach,4,4,500,0.05500143003463745,18.181345455386243,158.8477692604065,4.150000216439366
"SD(400, 5)",reach,2,4,500,0.05444719123840332,18.366420328670113,148.11503052711487,4.150000216439366
"SD(400, 5)",reach,7,4,500,0.05587150239944458,17.898212094793088,162.27620148658752,4.150000216439366
"SD(400, 5)",reach,8,4,500,0.05866185712814331,17.04685205951731,159.85070848464966,4.150000216439366
"SD(400, 5)",reach,5,4,500,0.057295511722564696,17.453374093981083,162.9428470134735,4.150000216439366
"SD(400, 5)",reach,3,4,500,0.05469277572631836,18.283950425262407,154.69400238990784,4.150000216439366
"SD(400, 5)",reach,2,4,500,0.05406534671783447,18.496135893088265,148.25842666625977,4.150000216439366
"SD(400, 5)",reach,9,4,500,0.0582433819770813,17.169332652995646,169.78535294532776,4.150000216439366
"SD(400, 5)",reach,4,4,500,0.054723138332366944,18.27380575153404,153.5246503353119,4.150000216439366
"SD(400, 5)",reach,9,4,500,0.0581255841255188,17.204128182876556,160.28966736793518,4.150000216439366
"SD(400, 5)",reach,2,4,500,0.05476857233047485,18.25864647276136,149.289297580719,4.150000216439366
"SD(400, 5)",reach,10,4,500,0.05489099264144898,18.21792523469298,182.0029706954956,4.150000216439366
"SD(400, 5)",reach,5,4,500,0.058359526634216306,17.1351629746376,164.51771187782288,4.150000216439366
"SD(400, 5)",reach,6,4,500,0.049855398654937745,20.058008299587804,158.43262219429016,4.150000216439366
"SD(400, 5)",reach,7,4,500,0.05560986328125,17.98242148056441,150.14595794677734,4.150000216439366
"SD(400, 5)",reach,6,4,500,0.05012874889373779,19.94863271213462,139.85441303253174,4.150000216439366
"SD(400, 5)",reach,3,4,500,0.05542006969451904,18.044004735326027,155.02146220207214,4.150000216439366
"SD(400, 5)",reach,5,4,500,0.0619350643157959,16.145942707045197,177.66747641563416,4.150000216439366
"SD(400, 5)",reach,1,4,500,0.050060832500457765,19.975696568586944,141.72772932052612,4.150000216439366
"SD(400, 5)",reach,4,4,500,0.05672938919067383,17.627547454087477,161.73590922355652,4.150000216439366
"SD(400, 5)",reach,8,4,500,0.056243861198425296,17.77971815398758,159.6117868423462,4.150000216439366
"SD(400, 5)",reach,8,4,500,0.056081865310668944,17.83107595406177,175.33760237693787,4.150000216439366
"SD(400, 5)",reach,7,4,500,0.05809002685546875,17.214658937721897,154.10645580291748,4.150000216439366
"SD(400, 5)",reach,1,4,500,0.051744293689727786,19.32580249324224,142.2046241760254,4.150000216439366
"SD(400, 5)",reach,6,4,500,0.05194315242767334,19.25181574977413,143.84665608406067,4.150000216439366
"SD(400, 5)",reach,6,4,500,0.06726991367340088,14.865486595613232,154.6241753101349,4.150000216439366
"SD(400, 5)",reach,4,4,500,0.057163984775543214,17.493532053906705,160.33147764205933,4.150000216439366
"SD(400, 5)",reach,2,4,500,0.059062754154205324,16.931144074133886,151.73665928840637,4.150000216439366
"SD(400, 5)",reach,1,4,500,0.05171482563018799,19.336814691225808,143.00847935676575,4.150000216439366
"SD(400, 5)",reach,2,4,500,0.05628450584411621,17.76687891281427,151.02468729019165,4.150000216439366
"SD(400, 5)",reach,5,4,500,0.06172123718261719,16.201878731647234,177.99480605125427,4.150000216439366
"SD(400, 5)",reach,9,4,500,0.056586832046508787,17.671955892107526,180.33295154571533,4.150000216439366
"SD(400, 5)",reach,7,4,500,0.05804301929473877,17.22860065087351,155.68105292320251,4.150000216439366
"SD(400, 5)",reach,9,4,500,0.08412445974349976,11.88714914840531,174.31405758857727,4.150000216439366
"SD(400, 5)",reach,10,4,500,0.09337336921691894,10.709691728878981,184.34459805488586,4.150000216439366
"SD(400, 5)",reach,2,4,500,0.057167616367340086,17.492420771478955,149.86909747123718,4.150000216439366
"SD(400, 5)",reach,3,4,500,0.05834840631484985,17.138428676251554,156.38400506973267,4.150000216439366
"SD(400, 5)",reach,5,4,500,0.0671122441291809,14.900410692200241,169.8543665409088,4.150000216439366
"SD(400, 5)",reach,7,4,500,0.058678767681121825,17.0419393507768,177.2219295501709,4.150000216439366
"SD(400, 5)",reach,4,4,500,0.05826272296905517,17.16363309231403,161.51487755775452,4.150000216439366
"SD(400, 5)",reach,10,4,500,0.05711346054077148,17.509007343131167,184.86952424049377,4.150000216439366
"SD(400, 5)",reach,4,4,500,0.05687023782730102,17.58388989046819,158.50430059432983,4.150000216439366
"SD(400, 5)",reach,5,4,500,0.0596673903465271,16.759573264263004,171.0071578025818,4.150000216439366
"SD(400, 5)",reach,6,4,500,0.05284940767288208,18.92168794378214,147.00452542304993,4.150000216439366
"SD(400, 5)",reach,9,4,500,0.059471529006958006,16.814768624546424,166.47948551177979,4.150000216439366
"SD(400, 5)",reach,1,4,500,0.05173238658905029,19.33025065987697,141.67661499977112,4.150000216439366
"SD(400, 5)",reach,3,4,500,0.05707477569580078,17.520874813942967,154.98152351379395,4.150000216439366
"SD(400, 5)",reach,8,4,500,0.08835587739944457,11.317866218215906,173.1594557762146,4.150000216439366
"SD(400, 5)",reach,8,4,500,0.05678769779205322,17.609447800856938,155.93978238105774,4.150000216439366
"SD(400, 5)",reach,3,4,500,0.05672687578201294,17.628328481243134,155.4163212776184,4.150000216439366
"SD(400, 5)",reach,10,4,500,0.06268312311172486,15.953257437693788,171.9130139350891,4.150000216439366
"SD(400, 5)",reach,10,4,500,0.06576514959335328,15.205621916521384,182.02119874954224,4.150000216439366
CC(1000),reach,3,4,500,0.032420625686645506,30.8445620286691,55.545984506607056,4.150000216439366
CC(1000),reach,2,4,500,0.01771679401397705,56.443620624086094,48.54147815704346,4.150000216439366
CC(1000),reach,4,4,500,0.03197609519958496,31.273361983641443,57.361316204071045,4.150000216439366
CC(1000),reach,10,4,500,0.45396944189071653,2.2027914386376883,261.9247386455536,4.150000216439366
CC(1000),reach,7,4,500,1.7521138863563537,0.5707391555919756,892.8481905460358,4.150000216439366
CC(1000),reach,5,4,500,0.030107647895812988,33.21415221343372,53.03326439857483,4.150000216439366
CC(1000),reach,3,4,500,0.006164582729339599,162.2169810846432,43.586188077926636,4.150000216439366
CC(1000),reach,4,4,500,0.013249281406402589,75.47579142796073,48.52705907821655,4.150000216439366
CC(1000),reach,4,4,500,0.03247544288635254,30.792497688160534,58.279407262802124,4.150000216439366
CC(1000),reach,2,4,500,0.03229192018508911,30.96749881296167,53.81360054016113,4.150000216439366
CC(1000),reach,6,4,500,1.7500614504814147,0.5714085066698176,889.699615240097,4.150000216439366
CC(1000),reach,8,4,500,1.762367235660553,0.5674186286294581,900.1487679481506,4.150000216439366
CC(1000),reach,7,4,500,0.9813338170051574,1.0190212368832945,517.1209144592285,4.150000216439366
CC(1000),reach,8,4,500,0.9610682582855224,1.0405088206574724,509.3468563556671,4.150000216439366
CC(1000),reach,9,4,500,0.7830133557319641,1.277117424217108,421.9394750595093,4.150000216439366
CC(1000),reach,4,4,500,0.01270473575592041,78.7108066796273,48.30374073982239,4.150000216439366
CC(1000),reach,7,4,500,1.0447747144699098,0.9571441442353176,547.4445056915283,4.150000216439366
CC(1000),reach,1,4,500,0.00801453161239624,124.77335524552421,33.20700526237488,4.150000216439366
CC(1000),reach,10,4,500,0.9614574842453003,1.0400875924169999,510.4631440639496,4.150000216439366
CC(1000),reach,4,4,500,0.5582010555267334,1.7914692028956725,311.98821663856506,4.150000216439366
CC(1000),reach,1,4,500,0.00672401762008667,148.72060968619388,33.332398653030396,4.150000216439366
CC(1000),reach,6,4,500,0.8448353972434998,1.1836625255792619,443.91292929649353,4.150000216439366
CC(1000),reach,2,4,500,0.05234516334533691,19.103961781582317,63.7555365562439,4.150000216439366
CC(1000),reach,2,4,500,0.6456570692062378,1.548809805845364,351.43725872039795,4.150000216439366
CC(1000),reach,10,4,500,0.4193052606582642,2.3848973381113976,244.98576068878174,4.150000216439366
CC(1000),reach,7,4,500,1.032569989681244,0.9684573539743312,542.6731252670288,4.150000216439366
CC(1000),reach,6,4,500,1.6917429633140564,0.5911063451631211,860.7650692462921,4.150000216439366
CC(1000),reach,1,4,500,0.03666988849639893,27.270331080995856,48.759546995162964,4.150000216439366
CC(1000),reach,8,4,500,1.8235929412841796,0.5483679923085231,931.3465747833252,4.150000216439366
CC(1000),reach,5,4,500,0.030002743244171143,33.3302855629469,53.18113613128662,4.150000216439366
CC(1000),reach,8,4,500,1.7716753454208374,0.5644374984303141,905.6090655326843,4.150000216439366
CC(1000),reach,3,4,500,0.023744874477386473,42.11435191844682,51.831923484802246,4.150000216439366
CC(1000),reach,8,4,500,1.0274024085998534,0.9733284559482418,540.7002930641174,4.150000216439366
CC(1000),reach,5,4,500,0.021352471351623534,46.83298638047184,48.52815842628479,4.150000216439366
CC(1000),reach,9,4,500,1.2108839721679687,0.8258429568686075,631.1874403953552,4.150000216439366
CC(1000),reach,7,4,500,1.813930721282959,0.5512889705582135,924.4303789138794,4.150000216439366
CC(1000),reach,10,4,500,0.9061427164077759,1.1035789196257106,483.3890383243561,4.150000216439366
CC(1000),reach,5,4,500,0.019915934562683105,50.211050696748146,48.002094745635986,4.150000216439366
CC(1000),reach,9,4,500,1.1657235889434814,0.8578362911111029,608.5808145999908,4.150000216439366
CC(1000),reach,5,4,500,0.037575636386871336,26.61298905770211,57.675522327423096,4.150000216439366
CC(1000),reach,9,4,500,1.141517075061798,0.8760271938515359,597.2512624263763,4.150000216439366
CC(1000),reach,10,4,500,0.41169746923446654,2.428968052340609,240.8494577407837,4.150000216439366
CC(1000),reach,9,4,500,0.6258621406555176,1.5977959602295428,345.86501240730286,4.150000216439366
CC(1000),reach,2,4,500,0.024119943618774415,41.45946673032945,50.76029181480408,4.150000216439366
CC(1000),reach,1,4,500,0.04052543783187866,24.67585925039326,50.692415952682495,4.150000216439366
CC(1000),reach,6,4,500,1.7703307523727416,0.5648661972683457,900.1815690994263,4.150000216439366
CC(1000),reach,1,4,500,0.8195497846603393,1.2201821276964253,430.4092824459076,4.150000216439366
CC(1000),reach,1,4,500,0.02411301279067993,41.471383467540655,42.081125020980835,4.150000216439366
CC(1000),reach,3,4,500,0.05237085103988647,19.094591364161413,66.29100012779236,4.150000216439366
CC(1000),reach,5,4,500,0.4218409342765808,2.3705617893979634,246.37905597686768,4.150000216439366
CC(1000),reach,3,4,500,0.01388722562789917,72.0086233776615,47.357024908065796,4.150000216439366
CC(1000),reach,9,4,500,0.6666111822128296,1.5001248504120188,364.74252915382385,4.150000216439366
CC(1000),reach,4,4,500,0.01771989107131958,56.43375548840387,50.37612819671631,4.150000216439366
CC(1000),reach,3,4,500,0.6378590931892395,1.5677443665498092,350.3454282283783,4.150000216439366
CC(1000),reach,7,4,500,1.761257179737091,0.5677762518187568,898.6556293964386,4.150000216439366
CC(1000),reach,8,4,500,1.0521950917243958,0.9503940931345197,553.0099031925201,4.150000216439366
CC(1000),reach,2,4,500,0.006795243263244629,147.1617661444124,42.852055072784424,4.150000216439366
CC(1000),reach,6,4,500,0.8671067352294922,1.1532605610949795,454.9298448562622,4.150000216439366
CC(1000),reach,6,4,500,0.8674279232025146,1.1528335360799014,455.36968326568604,4.150000216439366
CC(1000),reach,10,4,500,0.9285682806968689,1.0769267277248833,493.249484539032,4.150000216439366
CC(500),reach,10,4,500,0.6351728830337524,1.5743745155236122,352.03772926330566,4.150000216439366
CC(500),reach,3,4,500,0.023606269359588622,42.36162795430487,55.97791004180908,4.150000216439366
CC(500),reach,6,4,500,1.2487180709838868,0.8008212768251864,642.1322116851807,4.150000216439366
CC(500),reach,2,4,500,0.022393758296966552,44.65530022870076,54.61327362060547,4.150000216439366
CC(500),reach,1,4,500,0.584784770488739,1.7100308531705455,322.4540665149689,4.150000216439366
CC(500),reach,5,4,500,0.024508301734924316,40.80250075324479,56.17300820350647,4.150000216439366
CC(500),reach,9,4,500,0.452713237285614,2.20890382175661,263.3220760822296,4.150000216439366
CC(500),reach,7,4,500,0.6959305176734925,1.4369250587587636,378.19947719573975,4.150000216439366
CC(500),reach,8,4,500,1.2492520632743835,0.8004789660934598,648.092809677124,4.150000216439366
CC(500),reach,9,4,500,0.44792483758926394,2.2325174138188233,259.691034078598,4.150000216439366
CC(500),reach,3,4,500,0.006112648963928223,163.59519512754116,48.09276533126831,4.150000216439366
CC(500),reach,10,4,500,0.30503403043746946,3.278322745058425,192.28477883338928,4.150000216439366
CC(500),reach,1,4,500,0.029364073753356933,34.05522028038357,58.18491244316101,4.150000216439366
CC(500),reach,8,4,500,1.2194551858901979,0.8200383347994897,633.9863622188568,4.150000216439366
CC(500),reach,2,4,500,0.03428120708465576,29.17050142168416,60.56496977806091,4.150000216439366
CC(500),reach,10,4,500,0.7103482084274292,1.4077602901453117,388.08569073677063,4.150000216439366
CC(500),reach,1,4,500,0.00514962100982666,194.18904771667084,45.76611351966858,4.150000216439366
CC(500),reach,4,4,500,0.02797996711730957,35.73985615520465,60.767311811447144,4.150000216439366
CC(500),reach,9,4,500,0.7929439573287964,1.2611231736587245,426.66973423957825,4.150000216439366
CC(500),reach,4,4,500,0.023497663974761964,42.55742192390127,57.88333082199097,4.150000216439366
CC(500),reach,8,4,500,0.70346160364151,1.4215416944200532,384.19207787513733,4.150000216439366
CC(500),reach,5,4,500,0.025726915836334227,38.86979715569699,56.778019189834595,4.150000216439366
CC(500),reach,2,4,500,0.01585351324081421,63.07750117024798,50.93110799789429,4.150000216439366
CC(500),reach,3,4,500,0.6189405670166016,1.6156640124918122,343.1075632572174,4.150000216439366
CC(500),reach,9,4,500,0.4687474718093872,2.13334483947178,271.27511167526245,4.150000216439366
CC(500),reach,4,4,500,0.026598251342773438,37.596456515615756,58.83385729789734,4.150000216439366
CC(500),reach,4,4,500,0.019102940559387206,52.34796166020623,54.2690052986145,4.150000216439366
CC(500),reach,8,4,500,1.2498109574317933,0.8001210055438113,648.0265674591064,4.150000216439366
CC(500),reach,7,4,500,0.672428364276886,1.4871472607723455,368.31916642189026,4.150000216439366
CC(500),reach,3,4,500,0.03374011278152466,29.63831231019411,60.18845987319946,4.150000216439366
CC(500),reach,1,4,500,0.006840756893157959,146.18265429081214,45.99431753158569,4.150000216439366
CC(500),reach,4,4,500,0.02865091896057129,34.902894436865225,60.64190888404846,4.150000216439366
CC(500),reach,8,4,500,0.6741250667572022,1.4834042662296778,369.5540986061096,4.150000216439366
CC(500),reach,6,4,500,1.211028434753418,0.8257444427418533,623.4697964191437,4.150000216439366
CC(500),reach,2,4,500,0.6181499166488648,1.6177305424891648,341.74152970314026,4.150000216439366
CC(500),reach,2,4,500,0.03760122919082642,26.594875261257958,62.255266427993774,4.150000216439366
CC(500),reach,5,4,500,0.020385794162750243,49.053767148656924,51.29860472679138,4.150000216439366
CC(500),reach,5,4,500,0.3248057017326355,3.0787636875388107,201.97394227981567,4.150000216439366
CC(500),reach,5,4,500,0.016831458568572998,59.41255749915569,50.97525882720947,4.150000216439366
CC(500),reach,5,4,500,0.024633426189422606,40.5952461630933,55.09267449378967,4.150000216439366
CC(500),reach,6,4,500,1.1740536122322083,0.8517498601266742,604.9756810665131,4.150000216439366
CC(500),reach,4,4,500,0.38648428916931155,2.587427297884077,231.36094212532043,4.150000216439366
CC(500),reach,1,4,500,0.03274475812911987,30.53923916789299,59.30221128463745,4.150000216439366
CC(500),reach,2,4,500,0.023381099224090575,42.76958882111308,55.236584186553955,4.150000216439366
CC(500),reach,7,4,500,0.7795032081604004,1.2828683570911326,420.81289172172546,4.150000216439366
CC(500),reach,10,4,500,0.66518372631073,1.503344054350581,366.82109332084656,4.150000216439366
CC(500),reach,6,4,500,0.6039037404060363,1.655893039058919,333.47599363327026,4.150000216439366
CC(500),reach,6,4,500,0.5896241326332092,1.6959957109185617,324.5996994972229,4.150000216439366
CC(500),reach,8,4,500,0.7197785053253174,1.3893162863317672,392.0909070968628,4.150000216439366
CC(500),reach,9,4,500,0.8071142477989197,1.2389819690670791,434.00394654273987,4.150000216439366
CC(500),reach,1,4,500,0.004782574653625488,209.0923973851486,45.8312087059021,4.150000216439366
CC(500),reach,7,4,500,1.247070864200592,0.8018790501059685,644.7559797763824,4.150000216439366
CC(500),reach,7,4,500,1.2141164884567262,0.8236441968357654,628.8985688686371,4.150000216439366
CC(500),reach,7,4,500,1.2475719933509826,0.8015569484803812,644.7507820129395,4.150000216439366
CC(500),reach,9,4,500,0.8241544227600097,1.2133648408402653,442.5308268070221,4.150000216439366
CC(500),reach,3,4,500,0.026455623149871828,37.799147437766734,57.448599100112915,4.150000216439366
CC(500),reach,10,4,500,0.5103070912361145,1.9596043581869589,294.05870628356934,4.150000216439366
CC(500),reach,10,4,500,0.6263579707145691,1.5965311319646307,346.25911808013916,4.150000216439366
CC(500),reach,3,4,500,0.03624414920806885,27.590660061000275,62.470640659332275,4.150000216439366
CC(500),reach,6,4,500,0.6195307550430298,1.61412487089611,339.83245944976807,4.150000216439366
"O(400, 1)",follow,5,4,500,0.02358921957015991,42.3922460438237,109.3556125164032,4.150000216439366
"O(400, 1)",follow,3,4,500,0.018057809829711915,55.377701361912806,97.32226085662842,4.150000216439366
"O(400, 1)",follow,4,4,500,0.016257630348205567,61.50957910728822,104.84501504898071,4.150000216439366
"O(400, 1)",follow,4,4,500,0.0173080735206604,57.776505213380005,96.18514490127563,4.150000216439366
"O(400, 1)",follow,2,4,500,0.016938252449035643,59.03796764210665,94.5583164691925,4.150000216439366
"O(400, 1)",follow,5,4,500,0.026293519020080567,38.03218577309078,109.99399590492249,4.150000216439366
"O(400, 1)",follow,2,4,500,0.016927059650421142,59.07700573236417,101.54106998443604,4.150000216439366
"O(400, 1)",follow,1,4,500,0.017788433074951173,56.216306168537834,100.13083624839783,4.150000216439366
"O(400, 1)",follow,3,4,500,0.01808769416809082,55.28620678273837,100.18676567077637,4.150000216439366
"O(400, 1)",follow,5,4,500,0.018218073844909668,54.890544879386965,108.88922357559204,4.150000216439366
"O(400, 1)",follow,2,4,500,0.01788953638076782,55.898597857183816,101.59181666374207,4.150000216439366
"O(400, 1)",follow,1,4,500,0.01814010763168335,55.12646453394846,98.59328603744507,4.150000216439366
"O(400, 1)",follow,4,4,500,0.016605729579925538,60.22017853457566,95.28186869621277,4.150000216439366
"O(400, 1)",follow,1,4,500,0.018213809013366698,54.903397705890235,102.79612278938293,4.150000216439366
"O(400, 1)",follow,3,4,500,0.017314052581787108,57.75655325500824,104.78969430923462,4.150000216439366
"O(400, 1)",follow,2,4,500,0.017119081974029542,58.41434730653474,106.0602171421051,4.150000216439366
"O(400, 1)",follow,5,4,500,0.019170964241027832,52.16221716484648,108.25107717514038,4.150000216439366
"O(400, 1)",follow,3,4,500,0.017826652526855467,56.0957812182361,106.81362175941467,4.150000216439366
"O(400, 1)",follow,1,4,500,0.015599812507629394,64.10333454398445,89.68916153907776,4.150000216439366
"O(400, 1)",follow,2,4,500,0.01696735191345215,58.93671594134701,105.78085327148438,4.150000216439366
"O(400, 1)",follow,3,4,500,0.017203715801239014,58.126977424724714,97.52431225776672,4.150000216439366
"O(400, 1)",follow,4,4,500,0.017351505279541015,57.63188748696575,102.48153495788574,4.150000216439366
"O(400, 1)",follow,4,4,500,0.01726067876815796,57.93514921584506,101.29180860519409,4.150000216439366
"O(400, 1)",follow,4,4,500,0.016984022617340087,58.87886648119718,106.34665179252625,4.150000216439366
"O(400, 1)",follow,5,4,500,0.02679364252090454,37.322286405060254,108.62568402290344,4.150000216439366
"O(400, 1)",follow,1,4,500,0.016534313201904297,60.480286528310565,102.15974760055542,4.150000216439366
"O(400, 1)",follow,3,4,500,0.01823869276046753,54.82849089752231,108.6304144859314,4.150000216439366
"O(400, 1)",follow,2,4,500,0.0168590087890625,59.31546821713284,106.75174260139465,4.150000216439366
"O(400, 1)",follow,1,4,500,0.015970279693603515,62.61631099676509,88.96393275260925,4.150000216439366
"O(400, 1)",follow,5,4,500,0.019253528118133544,51.93853271277436,107.97496628761292,4.150000216439366
"O(400, 5)",follow,1,4,500,0.048596180438995364,20.577748929369832,124.6344039440155,4.150000216439366
"O(400, 5)",follow,5,4,500,0.05333867502212524,18.748122250603213,142.52460837364197,4.150000216439366
"O(400, 5)",follow,1,4,500,0.04773469591140747,20.949122664485717,121.80740356445312,4.150000216439366
"O(400, 5)",follow,4,4,500,0.04946793603897095,20.215114679783643,135.4937343597412,4.150000216439366
"O(400, 5)",follow,1,4,500,0.0470428991317749,21.257193294971795,122.2015233039856,4.150000216439366
"O(400, 5)",follow,4,4,500,0.04735407781600952,21.117505526882393,131.1166467666626,4.150000216439366
"O(400, 5)",follow,2,4,500,0.048734007358551025,20.51955203771144,126.79963660240173,4.150000216439366
"O(400, 5)",follow,2,4,500,0.04942135667800903,20.234167315867495,124.91600728034973,4.150000216439366
"O(400, 5)",follow,3,4,500,0.050821606636047366,19.676670341443078,131.8953788280487,4.150000216439366
"O(400, 5)",follow,2,4,500,0.04744350719451904,21.077699755626963,125.65829110145569,4.150000216439366
"O(400, 5)",follow,5,4,500,0.05050720977783203,19.799153514889017,141.39229035377502,4.150000216439366
"O(400, 5)",follow,5,4,500,0.05092399787902832,19.637107093899694,138.0637948513031,4.150000216439366
"O(400, 5)",follow,3,4,500,0.049503942489624024,20.200411314908887,132.84223318099976,4.150000216439366
"O(400, 5)",follow,3,4,500,0.05265093803405762,18.993013939336524,129.71194744110107,4.150000216439366
"O(400, 5)",follow,4,4,500,0.05238198757171631,19.090531809830573,135.6378948688507,4.150000216439366
"O(400, 5)",follow,5,4,500,0.08065803241729737,12.39802125132855,222.93111443519592,4.150000216439366
"O(400, 5)",follow,3,4,500,0.08125336933135986,12.307181944934417,208.96211075782776,4.150000216439366
"O(400, 5)",follow,4,4,500,0.0814383487701416,12.279227355437714,217.40923380851746,4.150000216439366
"O(400, 5)",follow,1,4,500,0.08732712841033935,11.451195272345656,200.37664103507996,4.150000216439366
"O(400, 5)",follow,3,4,500,0.08599598217010498,11.628450245756165,213.64290142059326,4.150000216439366
"O(400, 5)",follow,4,4,500,0.08520540189743042,11.736345087648221,221.6995632648468,4.150000216439366
"O(400, 5)",follow,5,4,500,0.08484057283401489,11.786813391234823,221.66927409172058,4.150000216439366
"O(400, 5)",follow,2,4,500,0.08516956710815429,11.741283112665464,210.02550745010376,4.150000216439366
"O(400, 5)",follow,4,4,500,0.08576349353790283,11.659972778021851,219.68760514259338,4.150000216439366
"O(400, 5)",follow,3,4,500,0.08296704530715943,12.052978339746993,217.19545817375183,4.150000216439366
"O(400, 5)",follow,2,4,500,0.08352396869659424,11.972611163060979,207.51193714141846,4.150000216439366
"O(400, 5)",follow,2,4,500,0.08008999872207642,12.485953501761697,208.8228075504303,4.150000216439366
"O(400, 5)",follow,1,4,500,0.08212765979766845,12.176165770017342,199.02587008476257,4.150000216439366
"O(400, 5)",follow,1,4,500,0.08096043729782104,12.351711939516832,198.41256523132324,4.150000216439366
"O(400, 5)",follow,5,4,500,0.12019268846511841,8.31997364207569,236.38850593566895,4.150000216439366
"O-(400, 5)",follow,5,4,500,0.062329809665679935,16.043687689144676,175.60666418075562,4.150000216439366
"O-(400, 5)",follow,2,4,500,0.05705614948272705,17.526594575098972,154.77617168426514,4.150000216439366
"O-(400, 5)",follow,1,4,500,0.05748475694656372,17.395915945675355,151.73539662361145,4.150000216439366
"O-(400, 5)",follow,3,4,500,0.06071208095550537,16.471186364586636,160.86573338508606,4.150000216439366
"O-(400, 5)",follow,4,4,500,0.05875322580337525,17.020342054862155,164.07277655601501,4.150000216439366
"O-(400, 5)",follow,3,4,500,0.06129884433746338,16.313521254899747,161.1092710494995,4.150000216439366
"O-(400, 5)",follow,3,4,500,0.05837910938262939,17.129415137969687,161.23146748542786,4.150000216439366
"O-(400, 5)",follow,2,4,500,0.05894242811203003,16.965707590113716,155.58386754989624,4.150000216439366
"O-(400, 5)",follow,1,4,500,0.05786815023422241,17.280662954535117,147.89096236228943,4.150000216439366
"O-(400, 5)",follow,2,4,500,0.05720958995819092,17.47958691420102,153.13345503807068,4.150000216439366
"O-(400, 5)",follow,5,4,500,0.0626063585281372,15.972818472592838,169.70519471168518,4.150000216439366
"O-(400, 5)",follow,1,4,500,0.05584213638305664,17.90762432762897,146.64443397521973,4.150000216439366
"O-(400, 5)",follow,5,4,500,0.06141673898696899,16.282206064574247,173.87612795829773,4.150000216439366
"O-(400, 5)",follow,2,4,500,0.06017214059829712,16.61898662831184,155.42116403579712,4.150000216439366
"O-(400, 5)",follow,1,4,500,0.05723653745651245,17.471357360842916,148.02039241790771,4.150000216439366
"O-(400, 5)",follow,4,4,500,0.05645011615753174,17.714755399428476,162.9770851135254,4.150000216439366
"O-(400, 5)",follow,5,4,500,0.060096625804901126,16.639869320557526,171.48090767860413,4.150000216439366
"O-(400, 5)",follow,4,4,500,0.05804932165145874,17.226730158953902,168.511873960495,4.150000216439366
"O-(400, 5)",follow,4,4,500,0.05861180830001831,17.061408426118934,167.5564160346985,4.150000216439366
"O-(400, 5)",follow,4,4,500,0.06097719669342041,16.399573188445746,164.37593173980713,4.150000216439366
"O-(400, 5)",follow,5,4,500,0.06263933658599853,15.964409179638809,172.97312951087952,4.150000216439366
"O-(400, 5)",follow,4,4,500,0.05637670755386352,17.737821937270432,163.29391241073608,4.150000216439366
"O-(400, 5)",follow,2,4,500,0.05878892660140991,17.01000609825758,156.324316740036,4.150000216439366
"O-(400, 5)",follow,3,4,500,0.05884555959701538,16.993635659991575,159.89487314224243,4.150000216439366
"O-(400, 5)",follow,5,4,500,0.0609072437286377,16.418408366258323,170.97981071472168,4.150000216439366
"O-(400, 5)",follow,1,4,500,0.05532003402709961,18.076633855831147,145.67105174064636,4.150000216439366
"O-(400, 5)",follow,2,4,500,0.058489803314208985,17.09699714030444,159.37638092041016,4.150000216439366
"O-(400, 5)",follow,3,4,500,0.05785429668426514,17.28480091042182,161.95087313652039,4.150000216439366
"O-(400, 5)",follow,3,4,500,0.05644417810440063,17.71661903111378,159.25691056251526,4.150000216439366
"O-(400, 5)",follow,1,4,500,0.057844273567199705,17.287795979290244,150.77009654045105,4.150000216439366
"SC(1600, 5)",follow,3,4,500,0.03791148471832275,26.377231264611922,59.39721751213074,4.150000216439366
"SC(1600, 5)",follow,4,4,500,0.036441637992858884,27.441137530534725,60.81504464149475,4.150000216439366
"SC(1600, 5)",follow,4,4,500,0.038303404331207276,26.107339999156707,62.440178632736206,4.150000216439366
"SC(1600, 5)",follow,5,4,500,0.053682770252227785,18.627950742882927,69.9838719367981,4.150000216439366
"SC(1600, 5)",follow,2,4,500,0.03745279502868652,26.700276954872443,58.3875732421875,4.150000216439366
"SC(1600, 5)",follow,4,4,500,0.03818917512893677,26.18543073066478,62.503328800201416,4.150000216439366
"SC(1600, 5)",follow,2,4,500,0.03611308240890503,27.690796057702695,57.12322473526001,4.150000216439366
"SC(1600, 5)",follow,4,4,500,0.03868997144699097,25.846491031147373,62.73173952102661,4.150000216439366
"SC(1600, 5)",follow,2,4,500,0.03651982307434082,27.382388955290686,58.639212131500244,4.150000216439366
"SC(1600, 5)",follow,5,4,500,0.06673546266555787,14.984536857284716,73.23672342300415,4.150000216439366
"SC(1600, 5)",follow,3,4,500,0.040808377742767334,24.50477218926535,61.94177174568176,4.150000216439366
"SC(1600, 5)",follow,1,4,500,0.03642420053482056,27.45427450203133,55.813287019729614,4.150000216439366
"SC(1600, 5)",follow,1,4,500,0.03923872423171997,25.48502836367997,55.92359018325806,4.150000216439366
"SC(1600, 5)",follow,3,4,500,0.037930325984954834,26.364128808084928,61.007652044296265,4.150000216439366
"SC(1600, 5)",follow,1,4,500,0.03763935041427612,26.567939908461142,56.9537239074707,4.150000216439366
"SC(1600, 5)",follow,2,4,500,0.04164655590057373,24.011589394988214,60.86721229553223,4.150000216439366
"SC(1600, 5)",follow,3,4,500,0.03839720869064331,26.04355978208597,61.376137495040894,4.150000216439366
"SC(1600, 5)",follow,5,4,500,0.04835739850997925,20.679358915340234,66.03092050552368,4.150000216439366
"SC(1600, 5)",follow,4,4,500,0.039849342346191405,25.094517026466683,61.76547455787659,4.150000216439366
"SC(1600, 5)",follow,2,4,500,0.03771606063842774,26.513903707672235,59.72764587402344,4.150000216439366
"SC(1600, 5)",follow,5,4,500,0.04198787975311279,23.816396681136645,66.04384469985962,4.150000216439366
"SC(1600, 5)",follow,5,4,500,0.04288556909561157,23.31786708415929,64.8685576915741,4.150000216439366
"SC(1600, 5)",follow,3,4,500,0.03738720941543579,26.747115273790325,60.31023812294006,4.150000216439366
"SC(1600, 5)",follow,5,4,500,0.0506110053062439,19.758548441175297,66.56014108657837,4.150000216439366
"SC(1600, 5)",follow,3,4,500,0.03831454133987427,26.09975129623414,60.4807186126709,4.150000216439366
"SC(1600, 5)",follow,2,4,500,0.04468487119674683,22.37893884928111,60.37539005279541,4.150000216439366
"SC(1600, 5)",follow,4,4,500,0.039292957305908205,25.449853321415365,62.57260513305664,4.150000216439366
"SC(1600, 5)",follow,1,4,500,0.037581541538238526,26.60880738440488,56.61734056472778,4.150000216439366
"SC(1600, 5)",follow,1,4,500,0.03840274667739868,26.039804090068742,57.64436650276184,4.150000216439366
"SC(1600, 5)",follow,1,4,500,0.04044874668121338,24.72264487899337,57.68348050117493,4.150000216439366
"SC(400, 5)",follow,3,4,500,0.050097678661346436,19.961004715604997,62.72521615028381,4.150000216439366
"SC(400, 5)",follow,4,4,500,0.04595774841308594,21.75911646087652,62.036521673202515,4.150000216439366
"SC(400, 5)",follow,3,4,500,0.04544746971130371,22.00342519291629,60.07455563545227,4.150000216439366
"SC(400, 5)",follow,3,4,500,0.04640346097946167,21.550116713117657,61.08295154571533,4.150000216439366
"SC(400, 5)",follow,4,4,500,0.05249252986907959,19.05032968489187,64.9052734375,4.150000216439366
"SC(400, 5)",follow,5,4,500,0.06735224676132202,14.84731464926073,73.39540910720825,4.150000216439366
"SC(400, 5)",follow,4,4,500,0.04034080648422241,24.788795444412035,60.31907844543457,4.150000216439366
"SC(400, 5)",follow,1,4,500,0.05101266670227051,19.602974410970976,58.72623920440674,4.150000216439366
"SC(400, 5)",follow,5,4,500,0.05730737066268921,17.449762368020565,68.87031865119934,4.150000216439366
"SC(400, 5)",follow,5,4,500,0.05405845308303833,18.498494554846324,67.89634799957275,4.150000216439366
"SC(400, 5)",follow,2,4,500,0.04459692621231079,22.423070039386577,58.92352294921875,4.150000216439366
"SC(400, 5)",follow,4,4,500,0.046117825508117674,21.683589566120798,61.92080044746399,4.150000216439366
"SC(400, 5)",follow,2,4,500,0.04864813709259033,20.555771706051853,60.955617904663086,4.150000216439366
"SC(400, 5)",follow,5,4,500,0.05409191942214966,18.48704964961029,66.60560202598572,4.150000216439366
"SC(400, 5)",follow,5,4,500,0.06931048202514649,14.427832137095665,72.17923903465271,4.150000216439366
"SC(400, 5)",follow,3,4,500,0.043501339435577394,22.987797915531633,60.552496910095215,4.150000216439366
"SC(400, 5)",follow,5,4,500,0.0674709095954895,14.821202292889364,71.28968787193298,4.150000216439366
"SC(400, 5)",follow,1,4,500,0.04464027547836304,22.40129545089156,57.04514789581299,4.150000216439366
"SC(400, 5)",follow,3,4,500,0.04791204404830933,20.871578741072035,61.905524015426636,4.150000216439366
"SC(400, 5)",follow,2,4,500,0.04223784923553467,23.675447924055298,57.60176229476929,4.150000216439366
"SC(400, 5)",follow,2,4,500,0.0485816068649292,20.58392186944921,60.52677631378174,4.150000216439366
"SC(400, 5)",follow,1,4,500,0.05294395065307617,18.887899139840588,60.79483699798584,4.150000216439366
"SC(400, 5)",follow,1,4,500,0.048701695442199704,20.533166061678962,58.14319944381714,4.150000216439366
"SC(400, 5)",follow,2,4,500,0.049126986026763915,20.355411167605713,59.56450152397156,4.150000216439366
"SC(400, 5)",follow,4,4,500,0.04115864610671997,24.29623164491628,60.35383701324463,4.150000216439366
"SC(400, 5)",follow,1,4,500,0.04443350410461426,22.505539910730416,57.07458162307739,4.150000216439366
"SC(400, 5)",follow,3,4,500,0.04540282535552979,22.025061043435837,61.005837202072144,4.150000216439366
"SC(400, 5)",follow,1,4,500,0.04393362331390381,22.761610005508626,56.35602855682373,4.150000216439366
"SC(400, 5)",follow,4,4,500,0.04535734844207764,22.04714416401617,61.976120471954346,4.150000216439366
"SC(400, 5)",follow,2,4,500,0.05065755653381348,19.740391531370225,60.862913370132446,4.150000216439366
"SD(400, 5)",follow,5,4,500,0.09632146167755128,10.381902252974847,188.39694738388062,4.150000216439366
"SD(400, 5)",follow,5,4,500,0.09696298694610596,10.31321364466444,187.40977454185486,4.150000216439366
"SD(400, 5)",follow,2,4,500,0.056916627883911136,17.56955809187484,152.22176480293274,4.150000216439366
"SD(400, 5)",follow,1,4,500,0.056834214210510256,17.595035207068484,146.0752034187317,4.150000216439366
"SD(400, 5)",follow,2,4,500,0.05750257730484009,17.390524857671522,151.4076385498047,4.150000216439366
"SD(400, 5)",follow,4,4,500,0.05740460014343262,17.420206699487046,160.91362190246582,4.150000216439366
"SD(400, 5)",follow,2,4,500,0.05620089340209961,17.79331144872229,152.40775418281555,4.150000216439366
"SD(400, 5)",follow,3,4,500,0.056407508850097654,17.728136207140246,155.96051454544067,4.150000216439366
"SD(400, 5)",follow,1,4,500,0.056633660793304445,17.657343459567173,147.67381525039673,4.150000216439366
"SD(400, 5)",follow,3,4,500,0.05752334976196289,17.38424490468819,158.15734481811523,4.150000216439366
"SD(400, 5)",follow,5,4,500,0.09630128908157348,10.384076989384168,186.93097734451294,4.150000216439366
"SD(400, 5)",follow,1,4,500,0.05760818958282471,17.35864305477393,148.8250331878662,4.150000216439366
"SD(400, 5)",follow,3,4,500,0.05818284749984741,17.187195934379503,158.13953971862793,4.150000216439366
"SD(400, 5)",follow,4,4,500,0.05708923149108887,17.516438282342115,162.17554306983948,4.150000216439366
"SD(400, 5)",follow,4,4,500,0.05722710943222046,17.47423572361969,161.81838965415955,4.150000216439366
"SD(400, 5)",follow,5,4,500,0.09175042963027955,10.89913152482917,180.89761781692505,4.150000216439366
"SD(400, 5)",follow,2,4,500,0.05370001745223999,18.621967877187103,147.09209084510803,4.150000216439366
"SD(400, 5)",follow,4,4,500,0.053836071014404296,18.574906770823628,156.69792199134827,4.150000216439366
"SD(400, 5)",follow,2,4,500,0.0531966118812561,18.798189671029622,145.676007270813,4.150000216439366
"SD(400, 5)",follow,1,4,500,0.05388945722579956,18.556505325521265,143.26864314079285,4.150000216439366
"SD(400, 5)",follow,4,4,500,0.054070178985595706,18.49448288799636,158.1907205581665,4.150000216439366
"SD(400, 5)",follow,1,4,500,0.054968722820281986,18.19216362856855,145.4047212600708,4.150000216439366
"SD(400, 5)",follow,5,4,500,0.06114515018463135,16.354526842773986,166.22039222717285,4.150000216439366
"SD(400, 5)",follow,3,4,500,0.053964107990264895,18.530835350422166,151.94714951515198,4.150000216439366
"SD(400, 5)",follow,5,4,500,0.05627466201782227,17.76998677812225,165.01226997375488,4.150000216439366
"SD(400, 5)",follow,4,4,500,0.05404109954833984,18.504434742403763,156.07742643356323,4.150000216439366
"SD(400, 5)",follow,3,4,500,0.05339734029769898,18.727524525094978,151.39896249771118,4.150000216439366
"SD(400, 5)",follow,1,4,500,0.05367442607879638,18.630846625764693,141.4563853740692,4.150000216439366
"SD(400, 5)",follow,2,4,500,0.0533830418586731,18.732540619311504,145.80221962928772,4.150000216439366
"SD(400, 5)",follow,3,4,500,0.0545737829208374,18.323816794055872,153.1415455341339,4.150000216439366
CC(1000),follow,5,4,500,0.1707298049926758,5.857208119243734,125.2886323928833,4.150000216439366
CC(1000),follow,1,4,500,0.3581379795074463,2.792219918633925,212.56934881210327,4.150000216439366
CC(1000),follow,4,4,500,0.14513729095458985,6.890028010188486,110.49737787246704,4.150000216439366
CC(1000),follow,2,4,500,0.52194508934021,1.9159103523018073,293.47100138664246,4.150000216439366
CC(1000),follow,1,4,500,0.36074387645721434,2.7720498261003854,214.52841663360596,4.150000216439366
CC(1000),follow,4,4,500,0.17603415679931642,5.680715709849574,127.89268040657043,4.150000216439366
CC(1000),follow,3,4,500,0.3444675521850586,2.9030310508397874,209.93912768363953,4.150000216439366
CC(1000),follow,1,4,500,0.4151171655654907,2.4089584410169027,240.04644536972046,4.150000216439366
CC(1000),follow,2,4,500,0.3839737958908081,2.604344386783033,228.55786085128784,4.150000216439366
CC(1000),follow,1,4,500,0.32928712272644045,3.0368633662931392,197.8542332649231,4.150000216439366
CC(1000),follow,5,4,500,0.11092610502243042,9.015010486465648,96.32383155822754,4.150000216439366
CC(1000),follow,1,4,500,0.2444876217842102,4.090186622546562,153.37625980377197,4.150000216439366
CC(1000),follow,4,4,500,0.18675768756866454,5.354531923256618,131.8536834716797,4.150000216439366
CC(1000),follow,4,4,500,0.19005356979370117,5.2616743852034835,132.62556838989258,4.150000216439366
CC(1000),follow,5,4,500,0.14677705383300782,6.8130540427506245,114.65413331985474,4.150000216439366
CC(1000),follow,3,4,500,0.3798523859977722,2.6326016022599497,227.53278183937073,4.150000216439366
CC(1000),follow,1,4,500,0.34736870193481445,2.878785551001239,206.89352679252625,4.150000216439366
CC(1000),follow,5,4,500,0.20113915824890136,4.971682335284219,140.70207524299622,4.150000216439366
CC(1000),follow,3,4,500,0.2714419860839844,3.6840284527339078,172.31399655342102,4.150000216439366
CC(1000),follow,2,4,500,0.3773442873954773,2.6500997455195225,222.84373545646667,4.150000216439366
CC(1000),follow,2,4,500,0.4119279913902283,2.4276087590577897,240.77011585235596,4.150000216439366
CC(1000),follow,2,4,500,0.30698897218704224,3.257446001645688,184.79533791542053,4.150000216439366
CC(1000),follow,3,4,500,0.442478684425354,2.259995871436604,256.66252303123474,4.150000216439366
CC(1000),follow,5,4,500,0.13256014156341553,7.5437457157633565,106.55698776245117,4.150000216439366
CC(1000),follow,2,4,500,0.37270438051223753,2.6830916197593915,221.40964031219482,4.150000216439366
CC(1000),follow,3,4,500,0.2951248393058777,3.3883965929535504,183.4552686214447,4.150000216439366
CC(1000),follow,5,4,500,0.14002806758880615,7.141425410057862,110.3675148487091,4.150000216439366
CC(1000),follow,4,4,500,0.19101064348220825,5.235310356373651,135.21671152114868,4.150000216439366
CC(1000),follow,4,4,500,0.14175030279159545,7.054658651912884,110.0685203075409,4.150000216439366
CC(1000),follow,3,4,500,0.32758489799499513,3.052643776073212,201.44922161102295,4.150000216439366
CC(500),follow,5,4,500,0.5035725803375244,1.9858110608995834,292.3167281150818,4.150000216439366
CC(500),follow,4,4,500,0.13755022048950194,7.270071952202517,114.22977709770203,4.150000216439366
CC(500),follow,2,4,500,0.2044136438369751,4.8920413590275045,143.82917428016663,4.150000216439366
CC(500),follow,1,4,500,0.26229362916946414,3.8125211167592425,172.34712934494019,4.150000216439366
CC(500),follow,3,4,500,0.28168324851989746,3.5500868626533264,182.54822635650635,4.150000216439366
CC(500),follow,3,4,500,0.1977541184425354,5.056784697460478,140.77805829048157,4.150000216439366
CC(500),follow,1,4,500,0.25527130031585693,3.917400815378234,167.55665564537048,4.150000216439366
CC(500),follow,5,4,500,0.09497227478027344,10.52938873280214,92.27748656272888,4.150000216439366
CC(500),follow,1,4,500,0.171564754486084,5.828703004853554,127.84969592094421,4.150000216439366
CC(500),follow,5,4,500,0.1031753273010254,9.692239667749147,96.30778241157532,4.150000216439366
CC(500),follow,3,4,500,0.29623897647857667,3.3756530348811737,190.82217502593994,4.150000216439366
CC(500),follow,2,4,500,0.26386920833587646,3.7897563202111484,171.17366886138916,4.150000216439366
CC(500),follow,2,4,500,0.2751969413757324,3.633761316535412,177.3574743270874,4.150000216439366
CC(500),follow,4,4,500,0.15161616230010985,6.59560290162598,119.45133399963379,4.150000216439366
CC(500),follow,4,4,500,0.1455363154411316,6.871137261988007,117.3281877040863,4.150000216439366
CC(500),follow,4,4,500,0.13285670709609984,7.526906408094741,109.95045399665833,4.150000216439366
CC(500),follow,4,4,500,0.1368146572113037,7.309158392697266,112.59909248352051,4.150000216439366
CC(500),follow,1,4,500,0.3060911865234375,3.2670003058824753,191.07438015937805,4.150000216439366
CC(500),follow,5,4,500,0.1356329164505005,7.372841535593994,112.28280830383301,4.150000216439366
CC(500),follow,3,4,500,0.25715018033981324,3.888778139990187,169.68771076202393,4.150000216439366
CC(500),follow,3,4,500,0.5598522515296936,1.7861855467539576,319.755820274353,4.150000216439366
CC(500),follow,2,4,500,0.24228954696655272,4.127293201543056,161.42351293563843,4.150000216439366
CC(500),follow,1,4,500,0.22063185024261475,4.532437174870101,150.3298954963684,4.150000216439366
CC(500),follow,5,4,500,0.12832117080688477,7.792946352593187,109.65125775337219,4.150000216439366
CC(500),follow,3,4,500,0.2780631504058838,3.596305366390037,181.73370051383972,4.150000216439366
CC(500),follow,2,4,500,0.23360204792022704,4.280784389105573,158.9258313179016,4.150000216439366
CC(500),follow,2,4,500,0.26937504386901856,3.7122963791933223,175.86394572257996,4.150000216439366
CC(500),follow,1,4,500,0.13316682720184325,7.509377680706343,104.7573664188385,4.150000216439366
CC(500),follow,4,4,500,0.13876846647262572,7.206248115433818,114.11491870880127,4.150000216439366
CC(500),follow,5,4,500,0.12616827869415284,7.925922508811592,107.80417919158936,4.150000216439366
