sim_id,alg,task_type,task_level,task_seed,col_chance,task_val
2025-09-08_03:30:27,"O(400, 1)",bin,2,5,0.0,6.0
2025-09-08_04:01:24,"O(400, 1)",bin,4,3,0.022,7.0
2025-09-08_03:27:28,"O(400, 1)",bin,2,4,0.0,6.0
2025-09-08_04:23:09,"O(400, 1)",bin,5,4,0.0,8.0
2025-09-08_04:04:41,"O(400, 1)",bin,4,4,0.0,6.0
2025-09-08_03:18:08,"O(400, 1)",bin,2,1,0.0,4.0
2025-09-08_04:07:49,"O(400, 1)",bin,4,5,0.018,6.0
2025-09-08_03:39:56,"O(400, 1)",bin,3,2,0.012,5.0
2025-09-08_03:15:05,"O(400, 1)",bin,2,0,0.044,6.0
2025-09-08_02:59:13,"O(400, 1)",bin,1,1,0.0,3.0
2025-09-08_03:55:18,"O(400, 1)",bin,4,1,0.0,6.0
2025-09-08_03:24:23,"O(400, 1)",bin,2,3,0.0,2.0
2025-09-08_03:02:21,"O(400, 1)",bin,1,2,0.0,3.0
2025-09-08_03:21:11,"O(400, 1)",bin,2,2,0.0,5.0
2025-09-08_02:56:16,"O(400, 1)",bin,1,0,0.0,6.0
2025-09-08_04:17:05,"O(400, 1)",bin,5,2,0.008,7.0
2025-09-08_04:13:53,"O(400, 1)",bin,5,1,0.004,7.0
2025-09-08_03:52:13,"O(400, 1)",bin,4,0,0.018,8.0
2025-09-08_04:20:10,"O(400, 1)",bin,5,3,0.018,9.0
2025-09-08_03:58:13,"O(400, 1)",bin,4,2,0.012,5.0
2025-09-08_03:36:36,"O(400, 1)",bin,3,1,0.0,7.0
2025-09-08_03:43:02,"O(400, 1)",bin,3,3,0.0,6.0
2025-09-08_03:33:38,"O(400, 1)",bin,3,0,0.0,7.0
2025-09-08_03:46:03,"O(400, 1)",bin,3,4,0.04,6.0
2025-09-08_04:26:21,"O(400, 1)",bin,5,5,0.012,8.0
2025-09-08_03:08:50,"O(400, 1)",bin,1,4,0.0,4.0
2025-09-08_04:10:39,"O(400, 1)",bin,5,0,0.0,5.0
2025-09-08_03:05:31,"O(400, 1)",bin,1,3,0.0,4.0
2025-09-08_03:49:06,"O(400, 1)",bin,3,5,0.022,9.0
2025-09-08_03:11:56,"O(400, 1)",bin,1,5,0.0,2.0
2025-09-06_21:01:58,"O(400, 5)",bin,2,4,0.0,8.0
2025-09-06_21:19:24,"O(400, 5)",bin,4,3,0.0,7.0
2025-09-06_21:33:29,"O(400, 5)",bin,5,4,0.0,9.0
2025-09-06_21:26:20,"O(400, 5)",bin,4,5,0.0,8.0
2025-09-06_20:58:29,"O(400, 5)",bin,2,3,0.0,5.0
2025-09-06_21:12:21,"O(400, 5)",bin,3,4,0.0,9.0
2025-09-06_20:48:06,"O(400, 5)",bin,1,3,0.0,1.0
2025-09-06_20:55:06,"O(400, 5)",bin,1,5,0.0,3.0
2025-09-06_21:29:49,"O(400, 5)",bin,5,3,0.054,5.0
2025-09-06_20:51:30,"O(400, 5)",bin,1,4,0.0,1.0
2025-09-06_21:15:47,"O(400, 5)",bin,3,5,0.0,9.0
2025-09-06_21:08:50,"O(400, 5)",bin,3,3,0.006,10.0
2025-09-06_21:36:55,"O(400, 5)",bin,5,5,0.0,10.0
2025-09-06_21:05:28,"O(400, 5)",bin,2,5,0.0,5.0
2025-09-06_21:22:54,"O(400, 5)",bin,4,4,0.0,7.0
2025-09-06_22:35:57,"O(400, 5)",bin,4,2,0.0,6.0
2025-09-06_21:55:18,"O(400, 5)",bin,2,0,0.0,10.0
2025-09-06_22:05:34,"O(400, 5)",bin,2,2,0.0,6.0
2025-09-06_21:45:11,"O(400, 5)",bin,1,1,0.0,2.0
2025-09-06_22:25:49,"O(400, 5)",bin,4,0,0.0,7.0
2025-09-06_22:20:38,"O(400, 5)",bin,3,2,0.0,9.0
2025-09-06_22:00:25,"O(400, 5)",bin,2,1,0.0,7.0
2025-09-06_21:35:18,"O(400, 5)",bin,1,0,0.0,5.0
2025-09-06_22:41:03,"O(400, 5)",bin,5,0,0.024,7.0
2025-09-06_22:30:50,"O(400, 5)",bin,4,1,0.0,5.0
2025-09-06_21:50:10,"O(400, 5)",bin,1,2,0.0,3.0
2025-09-06_22:10:44,"O(400, 5)",bin,3,0,0.0,9.0
2025-09-06_22:45:55,"O(400, 5)",bin,5,1,0.0,8.0
2025-09-06_22:51:02,"O(400, 5)",bin,5,2,0.022,6.0
2025-09-06_22:15:45,"O(400, 5)",bin,3,1,0.006,8.0
2025-09-08_22:34:56,"O-(400, 5)",bin,2,0,0.0,3.0
2025-09-08_22:58:31,"O-(400, 5)",bin,4,0,0.05,5.0
2025-09-08_22:46:30,"O-(400, 5)",bin,3,0,0.062,0.0
2025-09-08_23:10:09,"O-(400, 5)",follow,4,3,0.026,0.10074838693942292
2025-09-08_22:22:35,"O-(400, 5)",bin,1,0,0.0,3.0
2025-09-09_00:56:52,"O-(400, 5)",bin,4,4,0.004,5.0
2025-09-09_01:00:48,"O-(400, 5)",bin,4,5,0.0,4.0
2025-09-09_01:10:02,"O-(400, 5)",bin,5,2,0.0,1.0
2025-09-09_00:40:56,"O-(400, 5)",bin,3,5,0.062,2.0
2025-09-09_00:44:52,"O-(400, 5)",bin,4,1,0.07,3.0
2025-09-09_00:20:06,"O-(400, 5)",bin,2,5,0.0,4.0
2025-09-09_00:27:54,"O-(400, 5)",bin,3,2,0.016,1.0
2025-09-09_00:00:04,"O-(400, 5)",bin,1,5,0.0,4.0
2025-09-08_23:43:52,"O-(400, 5)",bin,1,1,0.0,5.0
2025-09-08_23:56:12,"O-(400, 5)",bin,1,4,0.0,4.0
2025-09-09_00:52:57,"O-(400, 5)",bin,4,3,0.094,3.0
2025-09-09_01:17:54,"O-(400, 5)",bin,5,4,0.11,1.0
2025-09-09_00:16:13,"O-(400, 5)",bin,2,4,0.13,5.0
2025-09-09_00:49:01,"O-(400, 5)",bin,4,2,0.0,3.0
2025-09-08_23:48:02,"O-(400, 5)",bin,1,2,0.0,3.0
2025-09-08_23:52:05,"O-(400, 5)",bin,1,3,0.0,4.0
2025-09-09_00:24:01,"O-(400, 5)",bin,3,1,0.048,1.0
2025-09-09_01:21:35,"O-(400, 5)",bin,5,5,0.0,0.0
2025-09-09_01:13:57,"O-(400, 5)",bin,5,3,0.032,3.0
2025-09-09_00:36:07,"O-(400, 5)",bin,3,4,0.11,1.0
2025-09-09_00:04:26,"O-(400, 5)",bin,2,1,0.0,3.0
2025-09-09_00:08:20,"O-(400, 5)",bin,2,2,0.016,4.0
2025-09-09_01:05:36,"O-(400, 5)",bin,5,1,0.03,0.0
2025-09-09_00:12:15,"O-(400, 5)",bin,2,3,0.0,2.0
2025-09-09_00:31:47,"O-(400, 5)",bin,3,3,0.048,1.0
2025-09-08_23:41:17,"SC(1600, 5)",bin,2,1,0.316,3.0
2025-09-09_00:12:08,"SC(1600, 5)",bin,4,1,0.028,3.0
2025-09-08_23:53:51,"SC(1600, 5)",bin,3,0,0.152,4.0
2025-09-08_23:59:02,"SC(400, 5)",reach_easy,1,0,0.156,12.0
2025-09-09_00:28:16,"SC(1600, 5)",bin,5,1,0.176,2.0
2025-09-08_23:24:49,"SC(1600, 5)",bin,1,1,0.0,3.0
2025-09-08_23:22:28,"SC(1600, 5)",bin,1,0,0.048,1.0
2025-09-08_23:27:32,"SC(1600, 5)",bin,1,2,0.0,4.0
2025-09-08_23:43:41,"SC(1600, 5)",bin,2,2,0.112,4.0
2025-09-09_00:15:26,"SC(1600, 5)",bin,4,2,0.152,4.0
2025-09-09_00:22:58,"SC(1600, 5)",bin,4,5,0.004,2.0
2025-09-09_00:33:37,"SC(1600, 5)",bin,5,3,0.104,0.0
2025-09-09_00:08:54,"SC(1600, 5)",bin,4,0,0.012,3.0
2025-09-09_00:38:26,"SC(1600, 5)",bin,5,5,0.092,7.0
2025-09-08_23:30:22,"SC(1600, 5)",bin,1,3,0.0,5.0
2025-09-08_23:33:07,"SC(1600, 5)",bin,1,4,0.0,3.0
2025-09-09_00:20:31,"SC(1600, 5)",bin,4,4,0.076,6.0
2025-09-08_23:37:57,"SC(1600, 5)",bin,2,0,0.012,8.0
2025-09-09_00:01:18,"SC(1600, 5)",bin,3,3,0.212,0.0
2025-09-08_23:51:22,"SC(1600, 5)",bin,2,5,0.004,6.0
2025-09-09_00:35:59,"SC(1600, 5)",bin,5,4,0.052,7.0
2025-09-09_00:06:13,"SC(1600, 5)",bin,3,5,0.14,7.0
2025-09-09_00:25:18,"SC(1600, 5)",bin,5,0,0.08,4.0
2025-09-09_00:03:57,"SC(1600, 5)",bin,3,4,0.104,6.0
2025-09-08_23:35:46,"SC(1600, 5)",bin,1,5,0.0,5.0
2025-09-09_00:18:13,"SC(1600, 5)",bin,4,3,0.016,8.0
2025-09-08_23:46:10,"SC(1600, 5)",bin,2,3,0.032,6.0
2025-09-09_00:31:10,"SC(1600, 5)",bin,5,2,0.144,6.0
2025-09-08_23:48:29,"SC(1600, 5)",bin,2,4,0.08,6.0
2025-09-08_23:56:33,"SC(1600, 5)",bin,3,1,0.212,0.0
2025-09-08_23:52:22,"SC(400, 5)",bin,5,3,0.204,1.0
2025-09-08_23:06:37,"SC(400, 5)",bin,2,2,0.008,3.0
2025-09-08_22:50:42,"SC(400, 5)",bin,1,1,0.008,1.0
2025-09-08_23:57:03,"SC(400, 5)",bin,5,5,0.072,5.0
2025-09-08_23:16:11,"SC(400, 5)",bin,3,0,0.0,3.0
2025-09-08_23:33:37,"SC(400, 5)",bin,4,1,0.008,2.0
2025-09-08_22:57:03,"SC(400, 5)",bin,1,4,0.008,1.0
2025-09-08_22:52:46,"SC(400, 5)",bin,1,2,0.0,2.0
2025-09-08_23:40:58,"SC(400, 5)",bin,4,4,0.012,1.0
2025-09-08_23:23:53,"SC(400, 5)",bin,3,3,0.204,1.0
2025-09-08_22:48:40,"SC(400, 5)",bin,1,0,0.0,2.0
2025-09-08_23:26:24,"SC(400, 5)",bin,3,4,0.012,1.0
2025-09-08_23:11:17,"SC(400, 5)",bin,2,4,0.012,1.0
2025-09-08_23:14:01,"SC(400, 5)",bin,2,5,0.004,5.0
2025-09-08_22:54:49,CC(500),follow,2,5,0.008,0.30455301777880234
2025-09-08_23:38:46,"SC(400, 5)",bin,4,3,0.036,1.0
2025-09-08_23:31:09,"SC(400, 5)",bin,4,0,0.1,1.0
2025-09-08_23:49:54,"SC(400, 5)",bin,5,2,0.004,1.0
2025-09-08_23:18:19,"SC(400, 5)",bin,3,1,0.1,1.0
2025-09-08_23:35:45,"SC(400, 5)",bin,4,2,0.0,2.0
2025-09-08_23:09:09,"SC(400, 5)",bin,2,3,0.036,1.0
2025-09-08_23:04:15,"SC(400, 5)",bin,2,1,0.008,2.0
2025-09-08_22:59:16,"SC(400, 5)",bin,1,5,0.1,1.0
2025-09-08_23:43:06,"SC(400, 5)",bin,4,5,0.004,4.0
2025-09-08_23:54:30,"SC(400, 5)",bin,5,4,0.012,1.0
2025-09-08_23:28:58,"SC(400, 5)",bin,3,5,0.088,2.0
2025-09-08_23:01:56,"SC(400, 5)",bin,2,0,0.08,2.0
2025-09-08_23:45:12,"SC(400, 5)",bin,5,0,0.076,2.0
2025-09-08_23:47:16,"SC(400, 5)",bin,5,1,0.116,1.0
2025-09-08_23:20:53,"SC(400, 5)",bin,3,2,0.14,1.0
2025-09-07_01:47:34,"SD(400, 5)",bin,2,2,0.188,7.0
2025-09-07_01:55:17,"SD(400, 5)",bin,3,1,0.122,12.0
2025-09-07_01:58:59,"SD(400, 5)",bin,3,2,0.212,9.0
2025-09-07_02:21:09,"SD(400, 5)",bin,5,2,0.182,10.0
2025-09-07_02:02:32,"SD(400, 5)",bin,4,0,0.138,10.0
2025-09-07_02:06:05,"SD(400, 5)",bin,4,1,0.414,5.0
2025-09-07_01:51:28,"SD(400, 5)",bin,3,0,0.726,6.0
2025-09-07_02:09:49,"SD(400, 5)",bin,4,2,0.092,9.0
2025-09-07_02:17:22,"SD(400, 5)",bin,5,1,0.854,3.0
2025-09-07_01:43:45,"SD(400, 5)",bin,2,1,0.072,7.0
2025-09-07_01:29:01,"SD(400, 5)",bin,1,0,0.0,3.0
2025-09-07_02:13:41,"SD(400, 5)",bin,5,0,0.202,11.0
2025-09-07_01:40:03,"SD(400, 5)",bin,2,0,0.626,5.0
2025-09-07_01:36:27,"SD(400, 5)",bin,1,2,0.0,4.0
2025-09-07_01:32:43,"SD(400, 5)",bin,1,1,0.0,3.0
2025-09-08_21:20:34,"SD(400, 5)",bin,5,5,0.318,8.0
2025-09-08_21:00:42,"SD(400, 5)",bin,4,3,0.856,0.0
2025-09-08_20:48:04,"SD(400, 5)",bin,3,3,0.394,10.0
2025-09-08_20:39:18,"SD(400, 5)",bin,2,4,0.02,9.0
2025-09-08_20:35:24,"SD(400, 5)",bin,2,3,0.354,8.0
2025-09-08_20:31:27,"SD(400, 5)",bin,1,5,0.0,3.0
2025-09-08_20:52:27,"SD(400, 5)",bin,3,4,0.022,13.0
2025-09-08_20:23:31,"SD(400, 5)",bin,1,3,0.0,3.0
2025-09-08_20:56:49,"SD(400, 5)",bin,3,5,0.056,8.0
2025-09-08_20:27:35,"SD(400, 5)",bin,1,4,0.0,6.0
2025-09-08_21:16:44,"SD(400, 5)",bin,5,4,0.022,10.0
2025-09-08_21:04:56,"SD(400, 5)",bin,4,4,0.0,8.0
2025-09-08_21:13:06,"SD(400, 5)",bin,5,3,0.856,3.0
2025-09-08_21:08:52,"SD(400, 5)",bin,4,5,0.214,7.0
2025-09-08_20:43:14,"SD(400, 5)",bin,2,5,0.05,8.0
2025-09-09_08:55:48,CC(1000),bin,3,5,0.0,0.0
2025-09-09_09:03:59,CC(1000),bin,4,3,0.0,0.0
2025-09-09_09:07:56,CC(1000),bin,4,5,0.0,0.0
2025-09-09_09:10:07,CC(1000),bin,5,0,0.0,0.0
2025-09-09_09:01:59,CC(1000),bin,4,2,0.0,0.0
2025-09-09_08:28:09,CC(1000),bin,1,3,0.0,2.0
2025-09-09_09:00:11,CC(1000),bin,4,1,0.4,1.0
2025-09-09_08:45:40,CC(1000),bin,3,0,0.0,0.0
2025-09-09_08:39:29,CC(1000),bin,2,3,0.0,0.0
2025-09-09_08:49:44,CC(1000),bin,3,2,0.0,0.0
2025-09-09_08:51:48,CC(1000),bin,3,3,0.0,0.0
2025-09-09_08:41:31,CC(1000),bin,2,4,0.0,1.0
2025-09-09_08:31:45,CC(1000),bin,1,5,0.0,2.0
2025-09-09_08:58:01,CC(1000),bin,4,0,0.0,0.0
2025-09-09_08:37:23,CC(1000),bin,2,2,0.0,0.0
2025-09-09_08:22:34,CC(1000),bin,1,0,0.0,2.0
2025-09-09_08:35:23,CC(1000),bin,2,1,0.0,0.0
2025-09-09_09:20:15,CC(1000),bin,5,5,0.0,0.0
2025-09-09_09:12:17,CC(1000),bin,5,1,0.0,0.0
2025-09-09_09:16:12,CC(1000),bin,5,3,0.0,0.0
2025-09-09_08:47:34,CC(1000),bin,3,1,0.0,0.0
2025-09-09_09:14:17,CC(1000),bin,5,2,0.0,0.0
2025-09-09_08:29:59,CC(1000),bin,1,4,0.0,2.0
2025-09-09_08:43:22,CC(1000),bin,2,5,0.0,0.0
2025-09-09_08:33:34,CC(1000),bin,2,0,0.0,1.0
2025-09-09_09:18:23,CC(1000),bin,5,4,0.0,0.0
2025-09-09_08:53:56,CC(1000),bin,3,4,0.0,0.0
2025-09-09_09:06:05,CC(1000),bin,4,4,0.0,1.0
2025-09-09_08:26:22,CC(1000),bin,1,2,0.0,0.0
2025-09-09_08:24:16,CC(1000),bin,1,1,0.0,2.0
2025-09-09_00:44:10,CC(500),bin,3,1,0.0,0.0
2025-09-09_01:20:24,CC(500),bin,5,3,0.0,0.0
2025-09-09_00:56:20,CC(500),bin,4,0,0.0,0.0
2025-09-09_00:17:53,CC(500),bin,1,2,0.0,0.0
2025-09-09_01:05:25,CC(500),bin,4,3,0.0,0.0
2025-09-09_00:13:00,CC(500),bin,1,0,0.0,1.0
2025-09-09_00:33:51,CC(500),bin,2,3,0.0,0.0
2025-09-09_00:31:35,CC(500),bin,2,2,0.0,0.0
2025-09-09_00:19:59,CC(500),bin,1,3,0.0,2.0
2025-09-09_00:22:25,CC(500),bin,1,4,0.0,2.0
2025-09-09_01:07:46,CC(500),bin,4,4,0.0,2.0
2025-09-09_00:15:39,CC(500),bin,1,1,0.0,2.0
2025-09-09_00:26:42,CC(500),bin,2,0,0.0,1.0
2025-09-09_00:36:28,CC(500),bin,2,4,0.0,2.0
2025-09-09_00:51:38,CC(500),bin,3,4,0.0,0.0
2025-09-09_01:10:25,CC(500),bin,4,5,0.0,0.0
2025-09-09_01:18:09,CC(500),bin,5,2,0.0,0.0
2025-09-09_01:25:47,CC(500),bin,5,5,0.0,0.0
2025-09-09_01:15:46,CC(500),bin,5,1,0.0,0.0
2025-09-09_00:38:51,CC(500),bin,2,5,0.0,0.0
2025-09-09_00:41:28,"O-(400, 5)",reach_hard,2,2,0.038,0.0
2025-09-09_01:13:10,CC(500),bin,5,0,0.0,0.0
2025-09-09_01:22:59,CC(500),bin,5,4,0.0,0.0
2025-09-09_00:46:57,CC(500),bin,3,2,0.0,0.0
2025-09-09_00:58:51,CC(500),bin,4,1,0.004,1.0
2025-09-09_00:53:48,CC(500),bin,3,5,0.0,0.0
2025-09-09_00:28:55,CC(500),bin,2,1,0.0,0.0
2025-09-09_00:24:34,CC(500),bin,1,5,0.0,2.0
2025-09-09_00:49:14,CC(500),bin,3,3,0.0,0.0
2025-09-09_01:02:40,CC(500),bin,4,2,0.0,0.0
2025-09-08_07:14:33,"O(400, 1)",reach_hard,5,0,0.044,8.0
2025-09-08_05:48:45,"O(400, 1)",reach_easy,5,2,0.024,27.0
2025-09-08_07:17:54,"O(400, 1)",reach_hard,5,1,0.232,7.0
2025-09-08_05:24:05,"O(400, 1)",reach_easy,4,0,0.0,27.0
2025-09-08_06:23:04,"O(400, 1)",reach_hard,2,1,0.004,8.0
2025-09-08_06:59:05,"O(400, 1)",reach_hard,4,1,0.0,5.0
2025-09-08_04:47:46,"O(400, 1)",reach_easy,2,0,0.0,27.0
2025-09-08_05:42:25,"O(400, 1)",reach_easy,5,0,0.014,26.0
2025-09-08_05:45:37,"O(400, 1)",reach_easy,5,1,0.064,19.0
2025-09-08_06:56:23,"O(400, 1)",reach_hard,4,0,0.006,9.0
2025-09-08_05:30:04,"O(400, 1)",reach_easy,4,2,0.0,33.0
2025-09-08_07:21:01,"O(400, 1)",reach_hard,5,2,0.0,8.0
2025-09-08_04:35:31,"O(400, 1)",reach_easy,1,2,0.0,36.0
2025-09-08_06:07:33,"O(400, 1)",reach_hard,1,2,0.0,12.0
2025-09-08_06:19:52,"O(400, 1)",reach_hard,2,0,0.0,8.0
2025-09-08_05:11:34,"O(400, 1)",reach_easy,3,2,0.0,32.0
2025-09-08_04:32:31,"O(400, 1)",reach_easy,1,1,0.0,28.0
2025-09-09_11:20:33,"O(400, 1)",reach_easy,3,4,0.0,29.0
2025-09-09_12:00:49,"O(400, 1)",reach_hard,2,5,0.076,7.0
2025-09-09_12:07:04,"O(400, 1)",reach_hard,3,4,0.0,8.0
2025-09-09_12:25:49,"O(400, 1)",reach_hard,5,4,0.224,9.0
2025-09-09_11:11:48,"O(400, 1)",reach_easy,2,4,0.0,25.0
2025-09-09_12:16:00,"O(400, 1)",reach_hard,4,4,0.0,10.0
2025-09-09_11:46:20,"O(400, 1)",reach_hard,1,3,0.0,10.0
2025-09-09_12:28:56,"O(400, 1)",reach_hard,5,5,0.0,4.0
2025-09-09_11:00:10,"O(400, 1)",reach_easy,1,3,0.0,29.0
2025-09-09_12:22:40,"O(400, 1)",reach_hard,5,3,0.066,7.0
2025-09-09_11:36:25,"O(400, 1)",reach_easy,5,3,0.044,21.0
2025-09-09_11:17:44,"O(400, 1)",reach_easy,3,3,0.0,30.0
2025-09-09_11:23:26,"O(400, 1)",reach_easy,3,5,0.0,20.0
2025-09-09_11:14:46,"O(400, 1)",reach_easy,2,5,0.0,21.0
2025-09-09_11:30:26,"O(400, 1)",reach_easy,4,4,0.002,30.0
2025-09-09_11:58:03,"O(400, 1)",reach_hard,2,4,0.0,8.0
2025-09-09_11:33:24,"O(400, 1)",reach_easy,4,5,0.0,20.0
2025-09-09_12:04:10,"O(400, 1)",reach_hard,3,3,0.0,10.0
2025-09-09_11:51:36,"O(400, 1)",reach_hard,1,5,0.0,7.0
2025-09-09_11:02:50,"O(400, 1)",reach_easy,1,4,0.0,30.0
2025-09-09_11:08:33,"O(400, 1)",reach_easy,2,3,0.0,30.0
2025-09-09_11:39:50,"O(400, 1)",reach_easy,5,4,0.132,16.0
2025-09-09_12:19:40,"O(400, 1)",reach_hard,4,5,0.06,9.0
2025-09-09_11:54:13,"O(400, 1)",reach_hard,2,3,0.0,7.0
2025-09-09_11:43:16,"O(400, 1)",reach_easy,5,5,0.056,14.0
2025-09-09_12:13:10,"O(400, 1)",reach_hard,4,3,0.04,9.0
2025-09-09_12:09:57,"O(400, 1)",reach_hard,3,5,0.024,6.0
2025-09-09_11:27:10,"O(400, 1)",reach_easy,4,3,0.0,31.0
2025-09-09_11:49:02,"O(400, 1)",reach_hard,1,4,0.0,14.0
2025-09-09_11:05:25,"O(400, 1)",reach_easy,1,5,0.0,27.0
2025-09-08_07:02:21,"O(400, 1)",reach_hard,4,2,0.07,4.0
2025-09-08_05:08:57,"O(400, 1)",reach_easy,3,1,0.0,21.0
2025-09-08_06:01:25,"O(400, 1)",reach_hard,1,0,0.0,13.0
2025-09-08_06:04:31,"O(400, 1)",reach_hard,1,1,0.0,12.0
2025-09-08_06:38:26,"O(400, 1)",reach_hard,3,0,0.012,9.0
2025-09-08_06:41:18,"O(400, 1)",reach_hard,3,1,0.0,8.0
2025-09-08_06:26:08,"O(400, 1)",reach_hard,2,2,0.0,11.0
2025-09-08_05:05:52,"O(400, 1)",reach_easy,3,0,0.0,28.0
2025-09-08_04:29:41,"O(400, 1)",reach_easy,1,0,0.0,40.0
2025-09-08_04:53:50,"O(400, 1)",reach_easy,2,2,0.0,24.0
2025-09-08_05:27:07,"O(400, 1)",reach_easy,4,1,0.0,27.0
2025-09-08_04:50:49,"O(400, 1)",reach_easy,2,1,0.0,30.0
2025-09-08_06:44:19,"O(400, 1)",reach_hard,3,2,0.008,7.0
2025-09-09_12:17:23,"O(400, 5)",reach_hard,2,5,0.0,5.0
2025-09-09_11:13:10,"O(400, 5)",reach_easy,2,4,0.0,27.0
2025-09-09_12:02:16,"O(400, 5)",reach_hard,1,4,0.01,9.0
2025-09-09_11:20:54,"O(400, 5)",reach_easy,3,3,0.0,29.0
2025-09-09_11:28:46,"O(400, 5)",reach_easy,3,5,0.0,29.0
2025-09-09_12:25:51,"O(400, 5)",reach_hard,3,4,0.0,3.0
2025-09-09_11:02:25,"O(400, 5)",reach_easy,1,4,0.0,29.0
2025-09-09_12:10:02,"O(400, 5)",reach_hard,2,3,0.0,10.0
2025-09-09_12:13:38,"O(400, 5)",reach_hard,2,4,0.014,13.0
2025-09-09_12:33:15,"O(400, 5)",reach_hard,4,3,0.0,13.0
2025-09-09_11:41:57,"O(400, 5)",reach_easy,4,5,0.0,29.0
2025-09-09_10:58:57,"O(400, 5)",reach_easy,1,3,0.0,28.0
2025-09-09_12:29:34,"O(400, 5)",reach_hard,3,5,0.012,5.0
2025-09-09_11:24:58,"O(400, 5)",reach_easy,3,4,0.0,30.0
2025-09-09_11:16:48,"O(400, 5)",reach_easy,2,5,0.0,30.0
2025-09-09_11:46:01,"O(400, 5)",reach_easy,5,3,0.0,26.0
2025-09-09_12:06:00,"O(400, 5)",reach_hard,1,5,0.168,8.0
2025-09-09_12:45:17,"O(400, 5)",reach_hard,5,3,0.0,5.0
2025-09-09_11:05:52,"O(400, 5)",reach_easy,1,5,0.0,21.0
2025-09-09_11:54:34,"O(400, 5)",reach_easy,5,5,0.0,21.0
2025-09-09_12:41:28,"O(400, 5)",reach_hard,4,5,0.0,5.0
2025-09-09_11:32:50,"O(400, 5)",reach_easy,4,3,0.01,28.0
2025-09-09_12:21:09,"O(400, 5)",reach_hard,3,3,0.018,15.0
2025-09-09_12:53:08,"O(400, 5)",reach_hard,5,5,0.028,4.0
2025-09-09_11:50:06,"O(400, 5)",reach_easy,5,4,0.07,22.0
2025-09-09_12:49:14,"O(400, 5)",reach_hard,5,4,0.0,8.0
2025-09-09_11:58:27,"O(400, 5)",reach_hard,1,3,0.0,10.0
2025-09-09_11:09:33,"O(400, 5)",reach_easy,2,3,0.0,28.0
2025-09-09_12:37:41,"O(400, 5)",reach_hard,4,4,0.0,7.0
2025-09-09_11:37:44,"O(400, 5)",reach_easy,4,4,0.0,24.0
2025-09-06_23:05:31,"O(400, 5)",reach_easy,1,2,0.0,37.0
2025-09-06_23:00:44,"O(400, 5)",reach_easy,1,1,0.0,31.0
2025-09-07_00:09:40,"O(400, 5)",reach_hard,1,0,0.004,12.0
2025-09-06_23:59:05,"O(400, 5)",reach_easy,5,1,0.094,16.0
2025-09-07_00:04:34,"O(400, 5)",reach_easy,5,2,0.004,37.0
2025-09-07_00:33:16,"O(400, 5)",reach_hard,2,2,0.0,5.0
2025-09-06_23:39:02,"O(400, 5)",reach_easy,4,0,0.0,29.0
2025-09-06_23:29:22,"O(400, 5)",reach_easy,3,1,0.0,23.0
2025-09-06_23:54:06,"O(400, 5)",reach_easy,5,0,0.0,20.0
2025-09-07_01:03:31,"O(400, 5)",reach_hard,4,2,0.012,8.0
2025-09-06_23:49:02,"O(400, 5)",reach_easy,4,2,0.0,32.0
2025-09-06_23:34:17,"O(400, 5)",reach_easy,3,2,0.0,28.0
2025-09-07_00:58:17,"O(400, 5)",reach_hard,4,1,0.02,8.0
2025-09-06_23:24:18,"O(400, 5)",reach_easy,3,0,0.0,27.0
2025-09-07_00:18:53,"O(400, 5)",reach_hard,1,2,0.042,12.0
2025-09-07_01:08:57,"O(400, 5)",reach_hard,5,0,0.0,8.0
2025-09-07_00:43:00,"O(400, 5)",reach_hard,3,1,0.0,9.0
2025-09-07_00:53:22,"O(400, 5)",reach_hard,4,0,0.0,7.0
2025-09-07_00:48:11,"O(400, 5)",reach_hard,3,2,0.076,5.0
2025-09-07_00:23:31,"O(400, 5)",reach_hard,2,0,0.024,10.0
2025-09-06_23:43:53,"O(400, 5)",reach_easy,4,1,0.0,19.0
2025-09-07_01:19:14,"O(400, 5)",reach_hard,5,2,0.34,4.0
2025-09-06_23:19:48,"O(400, 5)",reach_easy,2,2,0.0,30.0
2025-09-06_22:56:08,"O(400, 5)",reach_easy,1,0,0.0,33.0
2025-09-06_23:15:05,"O(400, 5)",reach_easy,2,1,0.0,23.0
2025-09-07_00:14:10,"O(400, 5)",reach_hard,1,1,0.0,11.0
2025-09-07_00:38:02,"O(400, 5)",reach_hard,3,0,0.0,9.0
2025-09-06_23:10:12,"O(400, 5)",reach_easy,2,0,0.0,26.0
2025-09-07_01:14:04,"O(400, 5)",reach_hard,5,1,0.0,5.0
2025-09-07_00:28:10,"O(400, 5)",reach_hard,2,1,0.0,8.0
2025-09-08_23:33:17,"O-(400, 5)",reach_easy,2,0,0.0,22.0
2025-09-09_00:02:23,"O-(400, 5)",reach_easy,4,2,0.0,30.0
2025-09-09_01:13:18,"O-(400, 5)",reach_hard,5,1,0.136,2.0
2025-09-09_00:06:23,"O-(400, 5)",reach_easy,5,0,0.0,15.0
2025-09-09_01:17:19,"O-(400, 5)",reach_hard,5,2,0.146,0.0
2025-09-08_23:54:22,"O-(400, 5)",reach_easy,4,0,0.0,24.0
2025-09-08_23:50:25,"O-(400, 5)",reach_easy,3,2,0.0,25.0
2025-09-09_00:24:42,"O-(400, 5)",reach_hard,1,1,0.082,3.0
2025-09-09_00:56:39,"O-(400, 5)",reach_hard,4,0,0.062,1.0
2025-09-08_23:25:54,"O-(400, 5)",reach_easy,1,1,0.0,22.0
2025-09-09_00:10:37,"O-(400, 5)",reach_easy,5,1,0.004,19.0
2025-09-09_01:09:17,"O-(400, 5)",reach_hard,5,0,0.036,1.0
2025-09-09_00:28:35,"O-(400, 5)",reach_hard,1,2,0.08,2.0
2025-09-08_23:21:22,"O-(400, 5)",reach_easy,1,0,0.0,27.0
2025-09-09_00:45:15,"O-(400, 5)",reach_hard,3,0,0.04,3.0
2025-09-08_23:46:40,"O-(400, 5)",reach_easy,3,1,0.0,25.0
2025-09-09_00:21:01,"SC(400, 5)",reach_easy,2,4,0.02,5.0
2025-09-08_23:58:24,"O-(400, 5)",reach_easy,4,1,0.0,24.0
2025-09-08_23:42:12,"O-(400, 5)",reach_easy,3,0,0.0,24.0
2025-09-09_00:36:50,"O-(400, 5)",reach_hard,2,1,0.002,2.0
2025-09-09_01:00:22,"O-(400, 5)",reach_hard,4,1,0.002,2.0
2025-09-08_23:29:32,"O-(400, 5)",reach_easy,1,2,0.0,27.0
2025-09-09_00:53:01,"O-(400, 5)",reach_hard,3,2,0.088,2.0
2025-09-09_00:41:28,"O-(400, 5)",reach_hard,2,2,0.038,0.0
2025-09-09_01:04:30,"O-(400, 5)",reach_hard,4,2,0.054,4.0
2025-09-09_00:15:01,"O-(400, 5)",reach_easy,5,2,0.014,24.0
2025-09-08_23:37:15,"O-(400, 5)",reach_easy,2,1,0.0,25.0
2025-09-09_00:32:36,"O-(400, 5)",reach_hard,2,0,0.0,4.0
2025-09-09_00:49:02,"O-(400, 5)",reach_hard,3,1,0.18,4.0
2025-09-09_12:40:58,"O-(400, 5)",reach_hard,5,3,0.0,4.0
2025-09-09_12:08:49,"O-(400, 5)",reach_hard,2,4,0.0,2.0
2025-09-09_11:29:21,"O-(400, 5)",reach_easy,4,3,0.0,26.0
2025-09-09_11:36:59,"O-(400, 5)",reach_easy,4,5,0.0,26.0
2025-09-09_11:33:09,"O-(400, 5)",reach_easy,4,4,0.0,29.0
2025-09-09_11:13:56,"O-(400, 5)",reach_easy,2,5,0.0,31.0
2025-09-09_12:44:48,"O-(400, 5)",reach_hard,5,4,0.03,2.0
2025-09-09_11:40:46,"O-(400, 5)",reach_easy,5,3,0.0,18.0
2025-09-09_12:29:10,"O-(400, 5)",reach_hard,4,3,0.028,2.0
2025-09-09_12:32:52,"O-(400, 5)",reach_hard,4,4,0.038,1.0
2025-09-09_12:25:21,"O-(400, 5)",reach_hard,3,5,0.196,1.0
2025-09-09_12:48:41,"O-(400, 5)",reach_hard,5,5,0.076,1.0
2025-09-09_11:25:45,"O-(400, 5)",reach_easy,3,5,0.0,19.0
2025-09-09_10:54:58,"O-(400, 5)",reach_easy,1,3,0.0,26.0
2025-09-09_10:58:46,"O-(400, 5)",reach_easy,1,4,0.0,33.0
2025-09-09_12:36:45,"O-(400, 5)",reach_hard,4,5,0.17,1.0
2025-09-09_11:06:22,"O-(400, 5)",reach_easy,2,3,0.0,26.0
2025-09-09_12:05:18,"O-(400, 5)",reach_hard,2,3,0.012,2.0
2025-09-09_11:02:45,"O-(400, 5)",reach_easy,1,5,0.0,23.0
2025-09-09_12:21:20,"O-(400, 5)",reach_hard,3,4,0.014,1.0
2025-09-09_11:10:17,CC(1000),reach_hard,1,2,0.0,24.0
2025-09-09_12:01:52,"O-(400, 5)",reach_hard,1,5,0.17,2.0
2025-09-09_11:58:33,"O-(400, 5)",reach_hard,1,4,0.016,2.0
2025-09-09_11:49:18,"O-(400, 5)",reach_easy,5,5,0.0,18.0
2025-09-09_11:17:38,"O-(400, 5)",reach_easy,3,3,0.0,25.0
2025-09-09_11:21:55,"O-(400, 5)",reach_easy,3,4,0.0,27.0
2025-09-09_11:54:04,"O-(400, 5)",reach_hard,1,3,0.098,2.0
2025-09-09_12:12:53,"O-(400, 5)",reach_hard,2,5,0.14,3.0
2025-09-09_11:45:19,"O-(400, 5)",reach_easy,5,4,0.018,19.0
2025-09-09_12:17:24,"O-(400, 5)",reach_hard,3,3,0.028,2.0
2025-09-09_18:36:21,"O-(400, 5)",reach_easy,2,2,0.0,32.0
2025-09-09_00:46:54,"SC(1600, 5)",reach_easy,1,2,0.0,29.0
2025-09-09_02:10:14,"SC(1600, 5)",reach_hard,2,0,0.224,2.0
2025-09-09_00:49:19,"SC(1600, 5)",reach_easy,1,3,0.0,25.0
2025-09-09_03:02:34,"SC(1600, 5)",reach_hard,5,4,0.374,1.0
2025-09-09_02:26:42,"SC(1600, 5)",reach_hard,3,1,0.156,8.0
2025-09-09_01:03:05,"SC(1600, 5)",reach_easy,2,2,0.0,27.0
2025-09-09_02:24:19,"SC(1600, 5)",reach_hard,3,0,0.232,2.0
2025-09-09_02:33:27,"SC(1600, 5)",reach_hard,3,4,0.1,6.0
2025-09-09_01:10:21,"SC(1600, 5)",reach_easy,2,5,0.0,15.0
2025-09-09_01:39:47,"SC(1600, 5)",reach_easy,4,5,0.0,25.0
2025-09-09_02:04:03,"SC(1600, 5)",reach_hard,1,3,0.128,12.0
2025-09-09_02:01:53,"SC(1600, 5)",reach_hard,1,2,0.16,20.0
2025-09-09_02:45:10,"SC(1600, 5)",reach_hard,4,3,0.14,7.0
2025-09-09_01:37:29,"SC(1600, 5)",reach_easy,4,4,0.0,25.0
2025-09-09_01:35:05,"SC(1600, 5)",reach_easy,4,3,0.0,19.0
2025-09-09_01:17:27,"SC(1600, 5)",reach_easy,3,2,0.0,25.0
2025-09-09_02:52:59,"SC(1600, 5)",reach_hard,5,0,0.14,4.0
2025-09-09_02:12:38,"SC(1600, 5)",reach_hard,2,1,0.168,6.0
2025-09-09_02:42:45,"SC(1600, 5)",reach_hard,4,2,0.04,6.0
2025-09-09_01:29:59,"SC(1600, 5)",reach_easy,4,1,0.0,25.0
2025-09-09_01:05:46,"SC(1600, 5)",reach_easy,2,3,0.0,25.0
2025-09-09_01:47:20,"SC(1600, 5)",reach_easy,5,2,0.116,14.0
2025-09-09_01:22:44,"SC(1600, 5)",reach_easy,3,4,0.0,27.0
2025-09-09_01:27:37,"SC(1600, 5)",reach_easy,4,0,0.0,20.0
2025-09-09_01:57:29,"SC(1600, 5)",reach_hard,1,0,0.412,2.0
2025-09-09_01:15:02,"SC(1600, 5)",reach_easy,3,1,0.0,14.0
2025-09-09_01:42:10,"SC(1600, 5)",reach_easy,5,0,0.124,15.0
2025-09-09_02:17:40,"SC(1600, 5)",reach_hard,2,3,0.104,5.0
2025-09-09_00:54:01,"SC(1600, 5)",reach_easy,1,5,0.0,18.0
2025-09-09_02:22:04,"SC(1600, 5)",reach_hard,2,5,0.216,5.0
2025-09-09_02:08:07,"SC(1600, 5)",reach_hard,1,5,0.164,14.0
2025-09-09_02:35:41,"SC(1600, 5)",reach_hard,3,5,0.232,8.0
2025-09-09_03:00:16,"SC(1600, 5)",reach_hard,5,3,0.138,4.0
2025-09-09_01:49:42,"SC(1600, 5)",reach_easy,5,3,0.146,18.0
2025-09-09_02:19:54,"SC(1600, 5)",reach_hard,2,4,0.136,4.0
2025-09-09_02:06:09,"SC(1600, 5)",reach_hard,1,4,0.132,8.0
2025-09-09_01:54:35,"SC(1600, 5)",reach_easy,5,5,0.33,2.0
2025-09-09_03:05:02,"SC(1600, 5)",reach_hard,5,5,0.188,1.0
2025-09-09_01:52:15,"SC(1600, 5)",reach_easy,5,4,0.118,17.0
2025-09-09_01:00:12,"SC(1600, 5)",reach_easy,2,1,0.0,14.0
2025-09-09_01:32:49,"SC(1600, 5)",reach_easy,4,2,0.0,26.0
2025-09-09_01:25:16,"SC(1600, 5)",reach_easy,3,5,0.0,22.0
2025-09-09_01:59:43,"SC(1600, 5)",reach_hard,1,1,0.172,12.0
2025-09-09_00:44:08,"SC(1600, 5)",reach_easy,1,1,0.0,28.0
2025-09-09_00:41:58,"SC(1600, 5)",reach_easy,1,0,0.0,27.0
2025-09-09_01:20:25,"SC(1600, 5)",reach_easy,3,3,0.0,25.0
2025-09-09_02:28:55,"SC(1600, 5)",reach_hard,3,2,0.102,7.0
2025-09-09_02:55:24,"SC(1600, 5)",reach_hard,5,1,0.138,8.0
2025-09-09_02:31:12,"SC(1600, 5)",reach_hard,3,3,0.152,5.0
2025-09-09_01:44:56,"SC(1600, 5)",reach_easy,5,1,0.314,1.0
2025-09-09_01:12:47,"SC(1600, 5)",reach_easy,3,0,0.0,23.0
2025-09-09_02:37:55,"SC(1600, 5)",reach_hard,4,0,0.244,2.0
2025-09-09_02:40:24,"SC(1600, 5)",reach_hard,4,1,0.212,7.0
2025-09-09_01:08:08,"SC(1600, 5)",reach_easy,2,4,0.0,22.0
2025-09-09_00:56:11,"SC(1600, 5)",reach_easy,2,0,0.0,19.0
2025-09-09_02:47:30,"SC(1600, 5)",reach_hard,4,4,0.116,2.0
2025-09-09_02:57:51,"SC(1600, 5)",reach_hard,5,2,0.084,13.0
2025-09-09_02:15:20,"SC(1600, 5)",reach_hard,2,2,0.084,15.0
2025-09-09_00:51:33,"SC(1600, 5)",reach_easy,1,4,0.0,23.0
2025-09-09_02:50:19,"SC(1600, 5)",reach_hard,4,5,0.336,5.0
2025-09-09_01:34:29,"SC(400, 5)",reach_hard,3,0,0.256,6.0
2025-09-09_01:32:27,"SC(400, 5)",reach_hard,2,5,0.14,0.0
2025-09-09_00:49:16,"SC(400, 5)",reach_easy,4,4,0.014,14.0
2025-09-09_01:15:19,"SC(400, 5)",reach_hard,1,3,0.128,9.0
2025-09-09_01:47:45,"SC(400, 5)",reach_hard,4,0,0.22,5.0
2025-09-09_00:32:18,"SC(400, 5)",reach_easy,3,3,0.0,11.0
2025-09-09_00:34:26,"SC(400, 5)",reach_easy,3,4,0.0,15.0
2025-09-09_02:05:25,"SC(400, 5)",reach_hard,5,2,0.306,2.0
2025-09-09_01:45:33,"SC(400, 5)",reach_hard,3,5,0.104,0.0
2025-09-09_01:58:49,"SC(400, 5)",reach_hard,4,5,0.12,0.0
2025-09-09_00:03:25,"SC(400, 5)",reach_easy,1,2,0.0,10.0
2025-09-09_00:18:32,"SC(400, 5)",reach_easy,2,3,0.0,12.0
2025-09-09_01:38:28,"SC(400, 5)",reach_hard,3,2,0.274,0.0
2025-09-09_01:40:56,"SC(400, 5)",reach_hard,3,3,0.088,9.0
2025-09-09_01:28:18,"SC(400, 5)",reach_hard,2,3,0.244,4.0
2025-09-09_01:17:36,"SC(400, 5)",reach_hard,1,4,0.24,3.0
2025-09-09_00:28:05,"SC(400, 5)",reach_easy,3,1,0.0,11.0
2025-09-09_01:21:34,"SC(400, 5)",reach_hard,2,0,0.096,3.0
2025-09-09_00:01:21,"SC(400, 5)",reach_easy,1,1,0.0,11.0
2025-09-09_01:56:19,"SC(400, 5)",reach_hard,4,4,0.046,1.0
2025-09-09_02:08:15,"SC(400, 5)",reach_hard,5,3,0.09,3.0
2025-09-09_00:51:30,"SC(400, 5)",reach_easy,4,5,0.0,8.0
2025-09-09_00:11:41,"SC(400, 5)",reach_easy,2,0,0.0,12.0
2025-09-09_02:12:45,"SC(400, 5)",reach_hard,5,5,0.394,0.0
2025-09-09_01:26:17,"SC(400, 5)",reach_hard,2,2,0.2,5.0
2025-09-09_00:37:21,"SC(400, 5)",reach_easy,3,5,0.0,4.0
2025-09-09_01:23:46,"SC(400, 5)",reach_hard,2,1,0.028,3.0
2025-09-09_00:05:12,"SC(400, 5)",reach_easy,1,3,0.0,16.0
2025-09-09_01:10:56,"SC(400, 5)",reach_hard,1,1,0.172,5.0
2025-09-09_00:40:27,"SC(400, 5)",reach_easy,4,0,0.0,11.0
2025-09-09_01:12:44,"SC(400, 5)",reach_hard,1,2,0.176,6.0
2025-09-09_01:02:25,"SC(400, 5)",reach_easy,5,3,0.086,7.0
2025-09-09_00:23:27,"SC(400, 5)",reach_easy,2,5,0.044,6.0
2025-09-09_00:55:02,"SC(400, 5)",reach_easy,5,0,0.182,7.0
2025-09-09_01:49:44,"SC(400, 5)",reach_hard,4,1,0.092,4.0
2025-09-08_23:59:02,"SC(400, 5)",reach_easy,1,0,0.156,12.0
2025-09-09_01:36:29,"SC(400, 5)",reach_hard,3,1,0.092,3.0
2025-09-09_01:54:05,"SC(400, 5)",reach_hard,4,3,0.206,3.0
2025-09-09_01:42:57,"SC(400, 5)",reach_hard,3,4,0.042,2.0
2025-09-09_02:03:14,"SC(400, 5)",reach_hard,5,1,0.158,5.0
2025-09-09_00:16:27,"SC(400, 5)",reach_easy,2,2,0.0,8.0
2025-09-09_00:57:10,"SC(400, 5)",reach_easy,5,1,0.278,0.0
2025-09-09_00:21:01,"SC(400, 5)",reach_easy,2,4,0.02,5.0
2025-09-09_00:44:45,"SC(400, 5)",reach_easy,4,2,0.0,6.0
2025-09-09_01:51:48,"SC(400, 5)",reach_hard,4,2,0.148,1.0
2025-09-09_02:10:28,"SC(400, 5)",reach_hard,5,4,0.366,1.0
2025-09-09_01:06:47,"SC(400, 5)",reach_easy,5,5,0.166,10.0
2025-09-09_00:30:13,"SC(400, 5)",reach_easy,3,2,0.0,11.0
2025-09-09_01:30:24,"SC(400, 5)",reach_hard,2,4,0.08,3.0
2025-09-09_00:46:48,"SC(400, 5)",reach_easy,4,3,0.0,12.0
2025-09-09_01:19:43,"SC(400, 5)",reach_hard,1,5,0.156,2.0
2025-09-09_00:07:04,"SC(400, 5)",reach_easy,1,4,0.0,12.0
2025-09-09_00:09:43,"SC(400, 5)",reach_easy,1,5,0.0,8.0
2025-09-09_00:42:33,"SC(400, 5)",reach_easy,4,1,0.0,8.0
2025-09-09_01:09:02,"SC(400, 5)",reach_hard,1,0,0.264,3.0
2025-09-09_00:25:35,"SC(400, 5)",reach_easy,3,0,0.0,12.0
2025-09-09_00:13:55,"SC(400, 5)",reach_easy,2,1,0.0,11.0
2025-09-09_00:59:48,"SC(400, 5)",reach_easy,5,2,0.08,9.0
2025-09-09_02:00:58,"SC(400, 5)",reach_hard,5,0,0.312,0.0
2025-09-09_01:04:35,"SC(400, 5)",reach_easy,5,4,0.248,5.0
2025-09-09_12:24:57,"SD(400, 5)",reach_hard,3,5,0.622,18.0
2025-09-09_10:57:38,"SD(400, 5)",reach_easy,1,3,0.0,38.0
2025-09-09_12:09:28,"SD(400, 5)",reach_hard,2,4,0.39,18.0
2025-09-09_12:29:11,"SD(400, 5)",reach_hard,4,3,0.508,19.0
2025-09-09_11:58:21,"SD(400, 5)",reach_hard,1,4,0.898,11.0
2025-09-09_11:01:47,"SD(400, 5)",reach_easy,1,4,0.0,42.0
2025-09-09_12:45:47,"SD(400, 5)",reach_hard,5,5,0.258,11.0
2025-09-09_11:23:29,"SD(400, 5)",reach_easy,3,4,0.0,40.0
2025-09-09_11:30:33,"SD(400, 5)",reach_easy,4,3,0.0,33.0
2025-09-09_11:09:03,"SD(400, 5)",reach_easy,2,3,0.0,33.0
2025-09-09_12:12:56,"SD(400, 5)",reach_hard,2,5,0.738,10.0
2025-09-09_12:16:37,"SD(400, 5)",reach_hard,3,3,0.532,19.0
2025-09-09_11:41:25,"SD(400, 5)",reach_easy,5,3,0.06,33.0
2025-09-09_11:26:57,"SD(400, 5)",reach_easy,3,5,0.0,38.0
2025-09-09_11:16:17,"SD(400, 5)",reach_easy,2,5,0.0,37.0
2025-09-09_12:33:16,"SD(400, 5)",reach_hard,4,4,0.71,10.0
2025-09-09_11:37:56,"SD(400, 5)",reach_easy,4,5,0.0,37.0
2025-09-09_12:37:11,"SD(400, 5)",reach_hard,4,5,0.252,12.0
2025-09-09_11:12:31,"SD(400, 5)",reach_easy,2,4,0.0,43.0
2025-09-09_12:41:44,"SD(400, 5)",reach_hard,5,4,0.738,13.0
2025-09-09_11:45:27,"SD(400, 5)",reach_easy,5,4,0.048,30.0
2025-09-09_12:02:15,"SD(400, 5)",reach_hard,1,5,0.47,14.0
2025-09-09_12:05:53,"SD(400, 5)",reach_hard,2,3,0.472,23.0
2025-09-09_11:55:05,"SD(400, 5)",reach_hard,1,3,0.626,18.0
2025-09-09_11:19:48,"SD(400, 5)",reach_easy,3,3,0.0,33.0
2025-09-09_11:49:26,"SD(400, 5)",reach_easy,5,5,0.028,22.0
2025-09-09_11:05:11,"SD(400, 5)",reach_easy,1,5,0.0,38.0
2025-09-09_11:34:11,"SD(400, 5)",reach_easy,4,4,0.0,38.0
2025-09-09_12:20:21,"SD(400, 5)",reach_hard,3,4,0.748,11.0
2025-09-07_03:45:03,"SD(400, 5)",reach_hard,3,1,0.614,12.0
2025-09-07_03:30:19,"SD(400, 5)",reach_hard,2,0,0.428,20.0
2025-09-07_02:28:10,"SD(400, 5)",reach_easy,1,1,0.0,32.0
2025-09-07_03:19:16,"SD(400, 5)",reach_hard,1,0,0.784,19.0
2025-09-07_03:23:04,"SD(400, 5)",reach_hard,1,1,0.688,13.0
2025-09-07_02:56:29,"SD(400, 5)",reach_easy,4,0,0.0,38.0
2025-09-07_02:38:38,"SD(400, 5)",reach_easy,2,1,0.0,34.0
2025-09-07_02:31:37,"SD(400, 5)",reach_easy,1,2,0.0,49.0
2025-09-07_02:35:06,"SD(400, 5)",reach_easy,2,0,0.0,37.0
2025-09-07_03:15:20,"SD(400, 5)",reach_easy,5,2,0.0,38.0
2025-09-07_03:56:34,"SD(400, 5)",reach_hard,4,1,0.614,12.0
2025-09-07_03:38:09,"SD(400, 5)",reach_hard,2,2,0.644,13.0
2025-09-07_04:00:39,"SD(400, 5)",reach_hard,4,2,0.238,12.0
2025-09-07_04:12:27,"SD(400, 5)",reach_hard,5,2,0.156,8.0
2025-09-07_02:42:10,"SD(400, 5)",reach_easy,2,2,0.0,51.0
2025-09-07_02:49:28,"SD(400, 5)",reach_easy,3,1,0.0,34.0
2025-09-07_03:11:29,"SD(400, 5)",reach_easy,5,1,0.238,29.0
2025-09-07_03:33:47,"SD(400, 5)",reach_hard,2,1,0.916,5.0
2025-09-07_03:04:08,"SD(400, 5)",reach_easy,4,2,0.0,45.0
2025-09-07_04:08:24,"SD(400, 5)",reach_hard,5,1,0.526,11.0
2025-09-07_03:00:32,"SD(400, 5)",reach_easy,4,1,0.058,33.0
2025-09-07_03:07:37,"SD(400, 5)",reach_easy,5,0,0.0,36.0
2025-09-07_03:26:38,"SD(400, 5)",reach_hard,1,2,0.574,24.0
2025-09-07_03:52:48,"SD(400, 5)",reach_hard,4,0,0.406,13.0
2025-09-07_02:24:49,"SD(400, 5)",reach_easy,1,0,0.0,47.0
2025-09-07_02:53:00,"SD(400, 5)",reach_easy,3,2,0.0,49.0
2025-09-07_03:48:58,"SD(400, 5)",reach_hard,3,2,0.63,12.0
2025-09-07_03:41:35,"SD(400, 5)",reach_hard,3,0,0.308,13.0
2025-09-07_02:45:56,"SD(400, 5)",reach_easy,3,0,0.0,38.0
2025-09-07_04:04:32,"SD(400, 5)",reach_hard,5,0,0.356,14.0
2025-09-09_18:37:56,"SD(400, 5)",reach_hard,5,3,0.48,13.0
2025-09-09_09:58:44,CC(1000),reach_easy,3,1,0.272,1.0
2025-09-09_09:52:35,CC(1000),reach_easy,2,4,0.0,0.0
2025-09-09_10:13:28,CC(1000),reach_easy,4,0,0.074,1.0
2025-09-09_15:45:07,CC(1000),reach_hard,5,1,0.35,0.0
2025-09-09_12:27:13,CC(1000),reach_hard,2,2,0.0,0.0
2025-09-09_10:41:41,CC(1000),reach_easy,5,4,0.248,0.0
2025-09-09_10:09:40,CC(1000),reach_easy,3,4,0.0,0.0
2025-09-09_10:26:00,CC(1000),reach_easy,4,4,0.134,0.0
2025-09-09_10:15:34,CC(1000),reach_easy,4,1,0.354,1.0
2025-09-09_09:41:38,CC(1000),reach_easy,2,1,0.272,1.0
2025-09-09_11:10:17,CC(1000),reach_hard,1,2,0.0,24.0
2025-09-09_13:46:33,CC(1000),reach_hard,3,2,0.0,0.0
2025-09-09_12:43:19,CC(1000),reach_hard,2,3,0.0,0.0
2025-09-09_14:02:47,CC(1000),reach_hard,3,3,0.0,0.0
2025-09-09_15:09:09,CC(1000),reach_hard,4,3,0.276,0.0
2025-09-09_10:24:05,CC(1000),reach_easy,4,3,0.162,2.0
2025-09-09_13:09:51,CC(1000),reach_hard,2,5,0.0,0.0
2025-09-09_09:34:26,CC(1000),reach_easy,1,3,0.0,1.0
2025-09-09_16:05:20,CC(1000),reach_hard,5,4,0.35,0.0
2025-09-09_10:17:45,CC(1000),reach_easy,4,2,0.276,1.0
2025-09-09_09:37:49,CC(1000),reach_easy,1,5,0.0,2.0
2025-09-09_11:01:41,CC(1000),reach_hard,1,1,0.0,0.0
2025-09-09_09:39:26,CC(1000),reach_easy,2,0,0.0,1.0
2025-09-09_09:43:34,CC(1000),reach_easy,2,2,0.0,0.0
2025-09-09_16:00:04,CC(1000),reach_hard,5,3,0.35,0.0
2025-09-09_12:17:02,CC(1000),reach_hard,2,1,0.0,0.0
2025-09-09_10:46:09,CC(1000),reach_hard,1,0,0.0,0.0
2025-09-09_09:22:18,CC(1000),reach_easy,1,0,0.0,3.0
2025-09-09_14:12:25,CC(1000),reach_hard,3,4,0.0,0.0
2025-09-09_10:32:03,CC(1000),reach_easy,5,1,0.292,1.0
2025-09-09_13:20:09,CC(1000),reach_hard,3,0,0.0,0.0
2025-09-09_10:11:32,CC(1000),reach_easy,3,5,0.0,1.0
2025-09-09_13:36:23,CC(1000),reach_hard,3,1,0.0,0.0
2025-09-09_10:43:44,CC(1000),reach_easy,5,5,0.348,0.0
2025-09-09_15:17:19,CC(1000),reach_hard,4,4,0.276,0.0
2025-09-09_12:53:22,CC(1000),reach_hard,2,4,0.0,0.0
2025-09-09_15:35:57,CC(1000),reach_hard,5,0,0.35,0.0
2025-09-09_10:29:52,CC(1000),reach_easy,5,0,0.428,2.0
2025-09-09_14:57:49,CC(1000),reach_hard,4,2,0.276,0.0
2025-09-09_10:39:31,CC(1000),reach_easy,5,3,0.3,2.0
2025-09-09_14:39:22,CC(1000),reach_hard,4,0,0.276,0.0
2025-09-09_16:15:01,CC(1000),reach_hard,5,5,0.35,0.0
2025-09-09_15:29:00,CC(1000),reach_hard,4,5,0.276,0.0
2025-09-09_09:54:27,CC(1000),reach_easy,2,5,0.0,1.0
2025-09-09_09:24:14,CC(1000),reach_easy,1,1,0.0,2.0
2025-09-09_11:35:13,CC(1000),reach_hard,1,4,0.0,0.0
2025-09-09_09:26:06,CC(1000),reach_easy,1,2,0.0,2.0
2025-09-09_09:36:05,CC(1000),reach_easy,1,4,0.0,1.0
2025-09-09_09:56:26,CC(1000),reach_easy,3,0,0.0,1.0
2025-09-09_10:34:10,CC(1000),reach_easy,5,2,0.35,1.0
2025-09-09_10:07:41,CC(1000),reach_easy,3,3,0.0,2.0
2025-09-09_14:50:28,CC(1000),reach_hard,4,1,0.276,0.0
2025-09-09_10:27:53,CC(1000),reach_easy,4,5,0.03,2.0
2025-09-09_10:00:42,CC(1000),reach_easy,3,2,0.0,0.0
2025-09-09_12:00:50,CC(1000),reach_hard,2,0,0.0,0.0
2025-09-09_14:28:59,CC(1000),reach_hard,3,5,0.0,0.0
2025-09-09_09:50:40,CC(1000),reach_easy,2,3,0.0,2.0
2025-09-09_11:26:15,CC(1000),reach_hard,1,3,0.0,0.0
2025-09-09_11:51:47,CC(1000),reach_hard,1,5,0.0,0.0
2025-09-09_15:50:39,CC(1000),reach_hard,5,2,0.35,0.0
2025-09-09_06:38:11,CC(500),reach_hard,5,0,0.35,0.0
2025-09-09_02:09:13,CC(500),reach_easy,3,1,0.272,1.0
2025-09-09_03:18:01,CC(500),reach_hard,1,2,0.0,0.0
2025-09-09_02:01:11,CC(500),reach_easy,2,4,0.25,2.0
2025-09-09_01:33:42,CC(500),reach_easy,1,2,0.0,2.0
2025-09-09_02:45:29,CC(500),reach_easy,5,1,0.29,1.0
2025-09-09_06:03:33,CC(500),reach_hard,4,1,0.276,0.0
2025-09-09_04:07:32,CC(500),reach_hard,2,1,0.0,0.0
2025-09-09_05:34:55,CC(500),reach_hard,3,4,0.0,0.0
2025-09-09_06:17:42,CC(500),reach_hard,4,3,0.276,0.0
2025-09-09_02:18:32,CC(500),reach_easy,3,3,0.0,2.0
2025-09-09_07:13:59,CC(500),reach_hard,5,5,0.35,0.0
2025-09-09_01:31:25,CC(500),reach_easy,1,1,0.0,2.0
2025-09-09_04:55:26,CC(500),reach_hard,3,0,0.0,0.0
2025-09-09_01:47:08,CC(500),reach_easy,2,0,0.0,2.0
2025-09-09_06:58:47,CC(500),reach_hard,5,3,0.35,0.0
2025-09-09_01:42:31,CC(500),reach_easy,1,4,0.0,1.0
2025-09-09_02:35:21,CC(500),reach_easy,4,3,0.132,2.0
2025-09-09_06:09:10,CC(500),reach_hard,4,2,0.276,0.0
2025-09-09_02:27:53,CC(500),reach_easy,4,1,0.354,1.0
2025-09-09_05:07:23,CC(500),reach_hard,3,1,0.0,0.0
2025-09-09_02:52:36,CC(500),reach_easy,5,3,0.342,2.0
2025-09-09_01:58:50,CC(500),reach_easy,2,3,0.0,2.0
2025-09-09_02:11:28,CC(500),reach_easy,3,2,0.0,2.0
2025-09-09_06:32:02,CC(500),reach_hard,4,5,0.276,0.0
2025-09-09_02:25:35,CC(500),reach_easy,4,0,0.082,1.0
2025-09-09_02:38:03,CC(500),reach_easy,4,4,0.296,2.0
2025-09-09_05:15:12,CC(500),reach_hard,3,2,0.0,0.0
2025-09-09_04:27:21,CC(500),reach_hard,2,3,0.0,0.0
2025-09-09_02:06:51,CC(500),reach_easy,3,0,0.0,1.0
2025-09-09_01:40:27,CC(500),reach_easy,1,3,0.0,1.0
2025-09-09_02:40:26,CC(500),reach_easy,4,5,0.22,1.0
2025-09-09_05:27:22,CC(500),reach_hard,3,3,0.0,0.0
2025-09-09_03:36:53,CC(500),reach_hard,1,4,0.0,0.0
2025-09-09_01:51:45,CC(500),reach_easy,2,2,0.0,2.0
2025-09-09_02:03:39,CC(500),reach_easy,2,5,0.0,1.0
2025-09-09_02:57:21,CC(500),reach_easy,5,5,0.404,0.0
2025-09-09_02:47:54,CC(500),reach_easy,5,2,0.35,1.0
2025-09-09_02:43:12,CC(500),reach_easy,5,0,0.428,2.0
2025-09-09_02:54:58,CC(500),reach_easy,5,4,0.248,0.0
2025-09-09_02:59:47,CC(500),reach_hard,1,0,0.0,0.0
2025-09-09_02:30:02,CC(500),reach_easy,4,2,0.276,1.0
2025-09-09_01:28:19,CC(500),reach_easy,1,0,0.0,3.0
2025-09-09_01:49:29,CC(500),reach_easy,2,1,0.272,1.0
2025-09-09_04:47:02,CC(500),reach_hard,2,5,0.0,0.0
2025-09-09_07:06:27,CC(500),reach_hard,5,4,0.35,0.0
2025-09-09_03:29:54,CC(500),reach_hard,1,3,0.0,0.0
2025-09-09_03:11:15,CC(500),reach_hard,1,1,0.0,0.0
2025-09-09_05:47:06,CC(500),reach_hard,3,5,0.0,0.0
2025-09-09_05:54:58,CC(500),reach_hard,4,0,0.276,0.0
2025-09-09_01:45:03,CC(500),reach_easy,1,5,0.0,1.0
2025-09-09_04:34:56,CC(500),reach_hard,2,4,0.0,0.0
2025-09-09_03:55:40,CC(500),reach_hard,2,0,0.0,0.0
2025-09-09_04:15:12,CC(500),reach_hard,2,2,0.0,0.0
2025-09-09_06:23:25,CC(500),reach_hard,4,4,0.276,0.0
2025-09-09_02:20:41,CC(500),reach_easy,3,4,0.248,2.0
2025-09-09_06:45:24,CC(500),reach_hard,5,1,0.35,0.0
2025-09-09_06:51:39,CC(500),reach_hard,5,2,0.35,0.0
2025-09-09_02:23:11,CC(500),reach_easy,3,5,0.0,1.0
2025-09-09_03:48:39,CC(500),reach_hard,1,5,0.0,0.0
2025-09-08_02:37:04,"O(400, 1)",follow,5,0,0.31,0.19618666787462827
2025-09-08_02:02:21,"O(400, 1)",follow,3,1,0.0,0.0996494886739506
2025-09-08_02:24:25,"O(400, 1)",follow,4,2,0.0,0.09415830259388976
2025-09-08_02:21:20,"O(400, 1)",follow,4,1,0.0,0.11343464451413522
2025-09-08_01:50:11,"O(400, 1)",follow,2,3,0.0,0.09896024846267584
2025-09-08_02:40:08,"O(400, 1)",follow,5,1,0.198,0.2009276727121418
2025-09-08_01:55:57,"O(400, 1)",follow,2,5,0.0,0.09477889454379711
2025-09-08_01:31:20,"O(400, 1)",follow,1,3,0.0,0.09343478545823193
2025-09-08_02:05:22,"O(400, 1)",follow,3,2,0.0,0.10091070828355357
2025-09-08_02:53:12,"O(400, 1)",follow,5,5,0.0,0.12874743731481286
2025-09-08_01:53:08,"O(400, 1)",follow,2,4,0.0,0.08728888618075392
2025-09-08_01:24:58,"O(400, 1)",follow,1,1,0.0,0.1048885682155141
2025-09-08_02:30:41,"O(400, 1)",follow,4,4,0.0,0.09540444968828317
2025-09-08_01:34:30,"O(400, 1)",follow,1,4,0.0,0.1022688442733634
2025-09-08_01:58:52,"O(400, 1)",follow,3,0,0.0,0.09188207278147872
2025-09-08_01:43:45,"O(400, 1)",follow,2,1,0.0,0.10262483418325545
2025-09-08_02:46:47,"O(400, 1)",follow,5,3,0.014,0.14161993548618274
2025-09-08_02:14:52,"O(400, 1)",follow,3,5,0.0,0.10419539151586765
2025-09-08_01:28:01,"O(400, 1)",follow,1,2,0.0,0.1030557463906931
2025-09-08_01:40:35,"O(400, 1)",follow,2,0,0.0,0.09302592369691197
2025-09-08_02:08:27,"O(400, 1)",follow,3,3,0.0,0.11121023160608838
2025-09-08_02:33:49,"O(400, 1)",follow,4,5,0.0,0.08859326321838605
2025-09-08_02:18:11,"O(400, 1)",follow,4,0,0.0,0.08950123874917465
2025-09-08_02:27:31,"O(400, 1)",follow,4,3,0.0,0.10120084727616338
2025-09-08_02:43:28,"O(400, 1)",follow,5,2,0.176,0.20097204372001484
2025-09-08_01:37:32,"O(400, 1)",follow,1,5,0.0,0.09639998148699892
2025-09-08_02:11:35,"O(400, 1)",follow,3,4,0.0,0.08954788509669966
2025-09-08_01:47:08,"O(400, 1)",follow,2,2,0.0,0.1003296145265385
2025-09-08_01:22:03,"O(400, 1)",follow,1,0,0.0,0.09692360750800734
2025-09-08_02:49:57,"O(400, 1)",follow,5,4,0.064,0.10648875829392888
2025-09-06_19:26:05,"O(400, 5)",follow,1,3,0.0,0.09331604551798134
2025-09-06_20:44:27,"O(400, 5)",follow,5,5,0.0,0.11350269719248184
2025-09-06_19:44:39,"O(400, 5)",follow,1,4,0.0,0.08703984201806095
2025-09-06_20:33:52,"O(400, 5)",follow,4,5,0.0,0.10979460832543651
2025-09-06_19:47:57,"O(400, 5)",follow,1,5,0.0,0.09558687059368717
2025-09-06_20:30:26,"O(400, 5)",follow,4,4,0.0,0.09067763189095122
2025-09-06_19:54:36,"O(400, 5)",follow,2,4,0.0,0.09203725817831297
2025-09-06_19:51:18,"O(400, 5)",follow,2,3,0.0,0.09862550987365776
2025-09-06_20:08:06,"O(400, 5)",follow,3,5,0.0,0.09711830192819139
2025-09-06_19:57:59,"O(400, 5)",follow,2,5,0.0,0.0956926811081935
2025-09-06_20:37:23,"O(400, 5)",follow,5,3,0.008,0.1120795576037075
2025-09-06_20:40:59,"O(400, 5)",follow,5,4,0.058,0.11667409207197367
2025-09-06_20:04:38,"O(400, 5)",follow,3,4,0.0,0.09668528052190582
2025-09-06_20:01:17,"O(400, 5)",follow,3,3,0.0,0.1004807886617399
2025-09-06_20:26:59,"O(400, 5)",follow,4,3,0.0,0.10525174614366856
2025-09-06_21:17:17,"O(400, 5)",follow,5,1,0.0,0.12493580587385662
2025-09-06_20:17:52,"O(400, 5)",follow,3,0,0.0,0.10388901641793072
2025-09-06_20:56:45,"O(400, 5)",follow,4,2,0.0,0.0873408418014765
2025-09-06_19:12:45,"O(400, 5)",follow,1,1,0.0,0.10154846515326994
2025-09-06_20:27:57,"O(400, 5)",follow,3,2,0.0,0.08906943119717242
2025-09-06_20:38:50,"O(400, 5)",follow,4,0,0.0,0.09790880489671275
2025-09-06_21:10:33,"O(400, 5)",follow,5,0,0.034,0.11704446047879676
2025-09-06_19:21:54,"O(400, 5)",follow,2,0,0.0,0.09378457092848648
2025-09-06_20:49:27,"O(400, 5)",follow,4,1,0.0,0.0846905991746514
2025-09-06_20:22:54,"O(400, 5)",follow,3,1,0.0,0.10781729919432523
2025-09-06_19:26:49,"O(400, 5)",follow,2,1,0.0,0.10523654914926288
2025-09-06_20:12:54,"O(400, 5)",follow,2,2,0.0,0.11516729616712086
2025-09-06_18:49:00,"O(400, 5)",follow,1,0,0.0,0.09996819819801635
2025-09-06_19:17:27,"O(400, 5)",follow,1,2,0.0,0.09392029397524662
2025-09-06_21:24:25,"O(400, 5)",follow,5,2,0.088,0.19516728231979935
2025-09-08_22:09:53,"O-(400, 5)",follow,5,0,0.06,0.12254889330519
2025-09-08_21:34:26,"O-(400, 5)",follow,2,0,0.0,0.09229521542632113
2025-09-08_21:23:32,"O-(400, 5)",follow,1,0,0.0,0.09744933709316847
2025-09-08_21:45:34,"O-(400, 5)",follow,3,0,0.0,0.09684869946912869
2025-09-08_21:57:56,"O-(400, 5)",follow,4,0,0.0,0.10208791802687577
2025-09-08_22:53:30,"O-(400, 5)",follow,3,4,0.0,0.09087239116811759
2025-09-08_22:40:35,"O-(400, 5)",follow,3,1,0.0,0.10177813530220903
2025-09-08_22:23:13,"O-(400, 5)",follow,2,3,0.0,0.1020987606137143
2025-09-08_21:44:36,"O-(400, 5)",follow,1,5,0.0,0.09611055819265274
2025-09-08_22:32:31,"O-(400, 5)",follow,2,4,0.0,0.08968981958249744
2025-09-08_23:22:30,"O-(400, 5)",follow,5,1,0.0,0.12414203430015477
2025-09-08_21:40:57,"O-(400, 5)",follow,1,4,0.0,0.08636318914311043
2025-09-08_23:26:43,"O-(400, 5)",follow,5,2,0.012,0.151838851227972
2025-09-08_21:48:20,"O-(400, 5)",follow,2,1,0.0,0.09757951442756291
2025-09-08_21:37:19,"O-(400, 5)",follow,1,3,0.0,0.09049949875101204
2025-09-08_23:05:28,"O-(400, 5)",follow,4,2,0.0,0.10048129207941052
2025-09-08_23:39:46,"O-(400, 5)",follow,5,5,0.0,0.12871344426753084
2025-09-08_23:18:26,"O-(400, 5)",follow,4,5,0.0,0.10158762169978038
2025-09-08_23:01:27,"O-(400, 5)",follow,4,1,0.0,0.10219515940495479
2025-09-08_23:10:09,"O-(400, 5)",follow,4,3,0.026,0.10074838693942292
2025-09-08_23:30:51,"O-(400, 5)",follow,5,3,0.0,0.11548003577053724
2025-09-08_23:14:31,"O-(400, 5)",follow,4,4,0.0,0.09481637419833394
2025-09-08_22:36:16,"O-(400, 5)",follow,2,5,0.0,0.10224794357137632
2025-09-08_22:57:33,"O-(400, 5)",follow,3,5,0.0,0.09390954839257223
2025-09-08_23:34:55,"O-(400, 5)",follow,5,4,0.066,0.12458455918894673
2025-09-08_21:33:24,"O-(400, 5)",follow,1,2,0.0,0.0986162278439843
2025-09-08_22:06:32,"O-(400, 5)",follow,2,2,0.0,0.10058227217709677
2025-09-08_22:44:30,"O-(400, 5)",follow,3,2,0.0,0.10058333920076226
2025-09-08_22:49:10,"O-(400, 5)",follow,3,3,0.0,0.07902809132111702
2025-09-08_21:29:39,"O-(400, 5)",follow,1,1,0.0,0.11048754988456276
2025-09-08_22:45:11,"SC(1600, 5)",follow,3,4,0.0,0.11069148534650895
2025-09-08_23:00:26,"SC(1600, 5)",follow,4,4,0.0,0.09053881193366349
2025-09-08_22:55:50,"SC(1600, 5)",follow,4,2,0.006,0.1082836107595638
2025-09-08_23:19:37,"SC(1600, 5)",follow,5,5,0.082,0.22157857109581391
2025-09-08_22:28:57,"SC(1600, 5)",follow,2,4,0.0,0.1119493540820084
2025-09-08_22:58:11,"SC(1600, 5)",follow,4,3,0.0,0.10395746559127965
2025-09-08_22:18:12,"SC(1600, 5)",follow,2,0,0.0,0.09173470571091304
2025-09-08_23:03:09,"SC(1600, 5)",follow,4,5,0.0,0.11865902460298412
2025-09-08_22:31:28,"SC(1600, 5)",follow,2,5,0.0,0.11569303095632635
2025-09-08_23:08:19,"SC(1600, 5)",follow,5,1,0.188,0.19281302275126752
2025-09-08_22:42:51,"SC(1600, 5)",follow,3,3,0.0,0.11684549967077149
2025-09-08_21:58:22,"SC(1600, 5)",follow,1,3,0.0,0.10001741832738795
2025-09-08_22:00:34,"SC(1600, 5)",follow,1,4,0.0,0.10856594575118038
2025-09-08_22:34:03,"SC(1600, 5)",follow,3,0,0.0,0.09717407408380167
2025-09-08_22:02:48,"SC(1600, 5)",follow,1,5,0.0,0.09868842808259454
2025-09-08_22:26:29,"SC(1600, 5)",follow,2,3,0.0,0.11115869512999388
2025-09-08_22:47:26,"SC(1600, 5)",follow,3,5,0.0,0.10215267667691114
2025-09-08_23:05:50,"SC(1600, 5)",follow,5,0,0.136,0.16008880624360944
2025-09-08_22:53:00,"SC(1600, 5)",follow,4,1,0.0,0.09981763444454328
2025-09-08_22:21:11,"SC(1600, 5)",follow,2,1,0.0,0.10217134960396203
2025-09-08_23:16:29,"SC(1600, 5)",follow,5,4,0.124,0.17893915551652684
2025-09-08_23:14:00,"SC(1600, 5)",follow,5,3,0.074,0.15817322379680868
2025-09-08_22:39:34,"SC(1600, 5)",follow,3,2,0.0,0.11840977462667923
2025-09-08_23:10:47,"SC(1600, 5)",follow,5,2,0.212,0.14916205842471064
2025-09-08_22:36:48,"SC(1600, 5)",follow,3,1,0.0,0.10851053360560806
2025-09-08_22:24:13,"SC(1600, 5)",follow,2,2,0.0,0.12878196499064526
2025-09-08_22:49:43,"SC(1600, 5)",follow,4,0,0.0,0.10945356902004645
2025-09-08_21:56:06,"SC(1600, 5)",follow,1,2,0.0,0.10469043491750939
2025-09-08_21:53:51,"SC(1600, 5)",follow,1,1,0.0,0.11825631848509614
2025-09-08_21:38:23,"SC(1600, 5)",follow,1,0,0.0,0.10571320341392947
2025-09-08_22:12:01,"SC(400, 5)",follow,3,3,0.0,0.1432546537948462
2025-09-08_22:30:59,"SC(400, 5)",follow,4,5,0.0,0.12754473453915877
2025-09-08_22:05:22,"SC(400, 5)",follow,3,0,0.0,0.16308731235099194
2025-09-08_22:07:44,"SC(400, 5)",follow,3,1,0.0,0.10483587649989883
2025-09-08_22:18:08,"SC(400, 5)",follow,4,0,0.0,0.13897588150565907
2025-09-08_22:38:33,"SC(400, 5)",follow,5,2,0.314,0.3161033110460732
2025-09-08_22:25:12,"SC(400, 5)",follow,4,3,0.0,0.1307915294790731
2025-09-08_21:46:57,"SC(400, 5)",follow,1,4,0.0,0.1350894793648243
2025-09-08_22:46:08,"SC(400, 5)",follow,5,5,0.088,0.21309469260794317
2025-09-08_22:40:50,"SC(400, 5)",follow,5,3,0.102,0.25905150937095267
2025-09-08_21:56:41,"SC(400, 5)",follow,2,2,0.0,0.12190483222340115
2025-09-08_22:22:42,"SC(400, 5)",follow,4,2,0.0,0.1468057018223767
2025-09-08_22:01:15,"SC(400, 5)",follow,2,4,0.0,0.12040829168366879
2025-09-08_22:33:31,"SC(400, 5)",follow,5,0,0.222,0.2201941387669856
2025-09-08_22:43:52,"SC(400, 5)",follow,5,4,0.292,0.3639365397148356
2025-09-08_22:14:09,"SC(400, 5)",follow,3,4,0.0,0.10248187168211007
2025-09-08_22:35:53,"SC(400, 5)",follow,5,1,0.282,0.33205456688590373
2025-09-08_21:36:52,"SC(400, 5)",follow,1,0,0.0,0.10914691982693252
2025-09-08_22:16:14,"SC(400, 5)",follow,3,5,0.028,0.22185619046971508
2025-09-08_21:58:53,"SC(400, 5)",follow,2,3,0.0,0.12766521331381156
2025-09-08_22:03:19,"SC(400, 5)",follow,2,5,0.0,0.12073004191009166
2025-09-08_21:49:14,"SC(400, 5)",follow,1,5,0.0,0.12858510109425206
2025-09-08_21:42:29,"SC(400, 5)",follow,1,2,0.0,0.11849505006518403
2025-09-08_21:53:50,"SC(400, 5)",follow,2,1,0.0,0.11038320955047912
2025-09-08_22:20:11,"SC(400, 5)",follow,4,1,0.0,0.13746833725972135
2025-09-08_21:44:51,"SC(400, 5)",follow,1,3,0.0,0.11510572894379235
2025-09-08_22:09:54,"SC(400, 5)",follow,3,2,0.0,0.11880647041924171
2025-09-08_21:39:57,"SC(400, 5)",follow,1,1,0.0,0.1222993059043207
2025-09-08_22:28:27,"SC(400, 5)",follow,4,4,0.0,0.1289783341382376
2025-09-08_21:51:47,"SC(400, 5)",follow,2,0,0.0,0.0960010880153728
2025-09-07_01:24:52,"SD(400, 5)",follow,5,2,0.186,0.18523381979269224
2025-09-07_01:16:41,"SD(400, 5)",follow,5,0,0.372,0.1720200003811061
2025-09-07_00:50:57,"SD(400, 5)",follow,2,2,0.0,0.08945511911087708
2025-09-07_00:40:38,"SD(400, 5)",follow,1,2,0.0,0.07836235204172166
2025-09-07_00:44:02,"SD(400, 5)",follow,2,0,0.0,0.08698644525734307
2025-09-07_01:13:05,"SD(400, 5)",follow,4,2,0.0,0.0954071421329784
2025-09-07_00:47:32,"SD(400, 5)",follow,2,1,0.0,0.10252035541051868
2025-09-07_00:54:28,"SD(400, 5)",follow,3,0,0.0,0.0917499089922577
2025-09-07_00:07:36,"SD(400, 5)",follow,1,0,0.0,0.0850239227683734
2025-09-07_01:01:54,"SD(400, 5)",follow,3,2,0.0,0.09395786388008373
2025-09-07_01:20:49,"SD(400, 5)",follow,5,1,0.338,0.14930455140167095
2025-09-07_00:24:52,"SD(400, 5)",follow,1,1,0.0,0.08678519282709059
2025-09-07_00:58:12,"SD(400, 5)",follow,3,1,0.0,0.09337328838124821
2025-09-07_01:05:44,"SD(400, 5)",follow,4,0,0.0,0.08023521327655643
2025-09-07_01:09:21,"SD(400, 5)",follow,4,1,0.0,0.09234608816116577
2025-09-08_20:15:14,"SD(400, 5)",follow,5,4,0.172,0.1615008198638759
2025-09-08_19:43:05,"SD(400, 5)",follow,2,5,0.0,0.0915960548629537
2025-09-08_19:59:01,"SD(400, 5)",follow,4,3,0.0,0.08800373578756651
2025-09-08_19:39:20,"SD(400, 5)",follow,2,4,0.0,0.07549760314626736
2025-09-08_19:13:37,"SD(400, 5)",follow,1,4,0.0,0.0802351876199866
2025-09-08_20:06:55,"SD(400, 5)",follow,4,5,0.0,0.08739611941219395
2025-09-08_18:54:52,"SD(400, 5)",follow,1,3,0.0,0.08014523803355182
2025-09-08_20:19:30,"SD(400, 5)",follow,5,5,0.156,0.12770645087884283
2025-09-08_19:55:12,"SD(400, 5)",follow,3,5,0.0,0.1009632701205947
2025-09-08_20:11:13,"SD(400, 5)",follow,5,3,0.0,0.10980600446400018
2025-09-08_20:03:07,"SD(400, 5)",follow,4,4,0.0,0.08404315488876013
2025-09-08_19:50:51,"SD(400, 5)",follow,3,4,0.0,0.07258112092978498
2025-09-08_19:31:52,"SD(400, 5)",follow,1,5,0.0,0.09477423697408793
2025-09-08_19:35:40,"SD(400, 5)",follow,2,3,0.0,0.07864997951645418
2025-09-08_19:47:05,"SD(400, 5)",follow,3,3,0.0,0.0940673432280757
2025-09-09_08:12:49,CC(1000),follow,5,3,0.346,0.31788109439477147
2025-09-09_06:22:33,CC(1000),follow,1,1,0.0,0.31483776381179446
2025-09-09_07:50:43,CC(1000),follow,4,2,0.27,0.3123716392095226
2025-09-09_07:05:46,CC(1000),follow,2,4,0.0,0.2923519985839515
2025-09-09_06:17:39,CC(1000),follow,1,0,0.0,0.2909716856992761
2025-09-09_07:57:17,CC(1000),follow,4,4,0.278,0.3128090698269803
2025-09-09_07:20:26,CC(1000),follow,3,1,0.0,0.2769569458941128
2025-09-09_06:36:27,CC(1000),follow,1,4,0.0,0.3354787654032127
2025-09-09_06:45:30,CC(1000),follow,2,0,0.0,0.3084018251329957
2025-09-09_06:32:00,CC(1000),follow,1,3,0.0,0.3327394324844725
2025-09-09_08:04:04,CC(1000),follow,5,0,0.348,0.3090430154828346
2025-09-09_06:41:46,CC(1000),follow,1,5,0.0,0.30876890354595726
2025-09-09_07:47:22,CC(1000),follow,4,1,0.274,0.308942765965549
2025-09-09_07:53:47,CC(1000),follow,4,3,0.276,0.335581626000172
2025-09-09_08:09:45,CC(1000),follow,5,2,0.36,0.32058724610190314
2025-09-09_07:25:09,CC(1000),follow,3,2,0.0,0.2865002317348485
2025-09-09_06:27:24,CC(1000),follow,1,2,0.0,0.30893853568168084
2025-09-09_08:19:04,CC(1000),follow,5,5,0.338,0.29786119657699317
2025-09-09_07:16:22,CC(1000),follow,3,0,0.0,0.257992837872144
2025-09-09_06:55:50,CC(1000),follow,2,2,0.0,0.2994543253961314
2025-09-09_06:50:33,CC(1000),follow,2,1,0.0,0.29667131071459907
2025-09-09_07:11:55,CC(1000),follow,2,5,0.0,0.30881167230793644
2025-09-09_07:34:37,CC(1000),follow,3,4,0.0,0.2879153229809963
2025-09-09_08:06:50,CC(1000),follow,5,1,0.382,0.32431604580251217
2025-09-09_07:01:00,CC(1000),follow,2,3,0.0,0.3007093225814603
2025-09-09_07:40:03,CC(1000),follow,3,5,0.0,0.3133341857789113
2025-09-09_08:16:05,CC(1000),follow,5,4,0.348,0.3164211241528849
2025-09-09_08:00:39,CC(1000),follow,4,5,0.272,0.29481290851988046
2025-09-09_07:44:21,CC(1000),follow,4,0,0.276,0.2770898018121396
2025-09-09_07:30:07,CC(1000),follow,3,3,0.0,0.30576575663027805
2025-09-09_00:06:26,CC(500),follow,5,5,0.35,0.2881028925594487
2025-09-08_23:46:55,CC(500),follow,4,5,0.276,0.298675134851768
2025-09-08_22:46:12,CC(500),follow,2,3,0.0,0.2780870951790923
2025-09-08_22:17:30,CC(500),follow,1,2,0.0,0.2990758192954804
2025-09-08_23:03:16,CC(500),follow,3,1,0.0,0.2901905187649683
2025-09-08_23:12:30,CC(500),follow,3,3,0.0,0.32545705699572913
2025-09-08_21:41:27,CC(500),follow,1,0,0.0,0.26565630658356104
2025-09-09_00:03:32,CC(500),follow,5,4,0.378,0.33950826846894894
2025-09-08_22:29:42,CC(500),follow,1,5,0.0,0.26590899149820557
2025-09-09_00:00:33,CC(500),follow,5,3,0.35,0.30793114745221123
2025-09-08_23:23:14,CC(500),follow,3,5,0.0,0.2967162174304322
2025-09-08_22:37:38,CC(500),follow,2,1,0.0,0.29805693889645946
2025-09-08_22:50:11,CC(500),follow,2,4,0.0,0.3106524987090381
2025-09-08_23:35:27,CC(500),follow,4,2,0.27,0.3247089555654533
2025-09-08_23:43:35,CC(500),follow,4,4,0.274,0.34563202914385177
2025-09-08_23:28:02,CC(500),follow,4,0,0.276,0.3065683209196808
2025-09-08_23:31:36,CC(500),follow,4,1,0.278,0.28339811769718604
2025-09-08_22:25:20,CC(500),follow,1,4,0.0,0.2833949783866685
2025-09-08_23:53:59,CC(500),follow,5,1,0.35,0.3162948038958755
2025-09-08_23:08:08,CC(500),follow,3,2,0.0,0.26542707725043924
2025-09-08_23:16:33,CC(500),follow,3,4,0.0,0.31466836222387445
2025-09-08_22:33:33,CC(500),follow,2,0,0.0,0.25879634214061964
2025-09-08_22:01:02,CC(500),follow,1,1,0.0,0.30668373977101276
2025-09-08_23:50:21,CC(500),follow,5,0,0.346,0.3234654300025654
2025-09-08_22:58:52,CC(500),follow,3,0,0.0,0.31717496587505006
2025-09-08_22:54:49,CC(500),follow,2,5,0.008,0.30455301777880234
2025-09-08_22:41:53,CC(500),follow,2,2,0.0,0.29708165776217094
2025-09-08_22:22:11,CC(500),follow,1,3,0.0,0.31003015891688684
2025-09-08_23:40:16,CC(500),follow,4,3,0.278,0.3079960346190169
2025-09-08_23:57:16,CC(500),follow,5,2,0.35,0.3158763050363591
