task_level,task_type,task_seed,sim_id,col_chance,task_val,alg,group_size
1,bin,0,"['2025-09-08_02:56:16', '2025-09-06_21:35:18', '2025-09-08_22:22:35', '2025-09-08_23:22:28', '2025-09-08_22:48:40', '2025-09-07_01:29:01', '2025-09-09_08:22:34', '2025-09-09_00:13:00']","[0.0, 0.0, 0.0, 0.048, 0.0, 0.0, 0.0, 0.0]","[6.0, 5.0, 3.0, 1.0, 2.0, 3.0, 2.0, 1.0]","['O(400, 1)', 'O(400, 5)', 'O-(400, 5)', 'SC(1600, 5)', 'SC(400, 5)', 'SD(400, 5)', 'CC(1000)', 'CC(500)']",8
1,bin,1,"['2025-09-08_02:59:13', '2025-09-06_21:45:11', '2025-09-08_23:43:52', '2025-09-08_23:24:49', '2025-09-08_22:50:42', '2025-09-07_01:32:43', '2025-09-09_08:24:16', '2025-09-09_00:15:39']","[0.0, 0.0, 0.0, 0.0, 0.008, 0.0, 0.0, 0.0]","[3.0, 2.0, 5.0, 3.0, 1.0, 3.0, 2.0, 2.0]","['O(400, 1)', 'O(400, 5)', 'O-(400, 5)', 'SC(1600, 5)', 'SC(400, 5)', 'SD(400, 5)', 'CC(1000)', 'CC(500)']",8
1,bin,2,"['2025-09-08_03:02:21', '2025-09-06_21:50:10', '2025-09-08_23:48:02', '2025-09-08_23:27:32', '2025-09-08_22:52:46', '2025-09-07_01:36:27', '2025-09-09_08:26:22', '2025-09-09_00:17:53']","[0.0, 0.0, 0.0, 0.0, 0.0, 0.0, 0.0, 0.0]","[3.0, 3.0, 3.0, 4.0, 2.0, 4.0, 0.0, 0.0]","['O(400, 1)', 'O(400, 5)', 'O-(400, 5)', 'SC(1600, 5)', 'SC(400, 5)', 'SD(400, 5)', 'CC(1000)', 'CC(500)']",8
1,bin,3,"['2025-09-08_03:05:31', '2025-09-06_20:48:06', '2025-09-08_23:52:05', '2025-09-08_23:30:22', '2025-09-08_20:23:31', '2025-09-09_08:28:09', '2025-09-09_00:19:59']","[0.0, 0.0, 0.0, 0.0, 0.0, 0.0, 0.0]","[4.0, 1.0, 4.0, 5.0, 3.0, 2.0, 2.0]","['O(400, 1)', 'O(400, 5)', 'O-(400, 5)', 'SC(1600, 5)', 'SD(400, 5)', 'CC(1000)', 'CC(500)']",7
1,bin,4,"['2025-09-08_03:08:50', '2025-09-06_20:51:30', '2025-09-08_23:56:12', '2025-09-08_23:33:07', '2025-09-08_22:57:03', '2025-09-08_20:27:35', '2025-09-09_08:29:59', '2025-09-09_00:22:25']","[0.0, 0.0, 0.0, 0.0, 0.008, 0.0, 0.0, 0.0]","[4.0, 1.0, 4.0, 3.0, 1.0, 6.0, 2.0, 2.0]","['O(400, 1)', 'O(400, 5)', 'O-(400, 5)', 'SC(1600, 5)', 'SC(400, 5)', 'SD(400, 5)', 'CC(1000)', 'CC(500)']",8
1,bin,5,"['2025-09-08_03:11:56', '2025-09-06_20:55:06', '2025-09-09_00:00:04', '2025-09-08_23:35:46', '2025-09-08_22:59:16', '2025-09-08_20:31:27', '2025-09-09_08:31:45', '2025-09-09_00:24:34']","[0.0, 0.0, 0.0, 0.0, 0.1, 0.0, 0.0, 0.0]","[2.0, 3.0, 4.0, 5.0, 1.0, 3.0, 2.0, 2.0]","['O(400, 1)', 'O(400, 5)', 'O-(400, 5)', 'SC(1600, 5)', 'SC(400, 5)', 'SD(400, 5)', 'CC(1000)', 'CC(500)']",8
1,follow,0,"['2025-09-08_01:22:03', '2025-09-06_18:49:00', '2025-09-08_21:23:32', '2025-09-08_21:38:23', '2025-09-08_21:36:52', '2025-09-07_00:07:36', '2025-09-09_06:17:39', '2025-09-08_21:41:27']","[0.0, 0.0, 0.0, 0.0, 0.0, 0.0, 0.0, 0.0]","[0.0969236075080073, 0.0999681981980163, 0.0974493370931684, 0.1057132034139294, 0.1091469198269325, 0.0850239227683734, 0.2909716856992761, 0.265656306583561]","['O(400, 1)', 'O(400, 5)', 'O-(400, 5)', 'SC(1600, 5)', 'SC(400, 5)', 'SD(400, 5)', 'CC(1000)', 'CC(500)']",8
1,follow,1,"['2025-09-08_01:24:58', '2025-09-06_19:12:45', '2025-09-08_21:29:39', '2025-09-08_21:53:51', '2025-09-08_21:39:57', '2025-09-07_00:24:52', '2025-09-09_06:22:33', '2025-09-08_22:01:02']","[0.0, 0.0, 0.0, 0.0, 0.0, 0.0, 0.0, 0.0]","[0.1048885682155141, 0.1015484651532699, 0.1104875498845627, 0.1182563184850961, 0.1222993059043207, 0.0867851928270905, 0.3148377638117944, 0.3066837397710127]","['O(400, 1)', 'O(400, 5)', 'O-(400, 5)', 'SC(1600, 5)', 'SC(400, 5)', 'SD(400, 5)', 'CC(1000)', 'CC(500)']",8
1,follow,2,"['2025-09-08_01:28:01', '2025-09-06_19:17:27', '2025-09-08_21:33:24', '2025-09-08_21:56:06', '2025-09-08_21:42:29', '2025-09-07_00:40:38', '2025-09-09_06:27:24', '2025-09-08_22:17:30']","[0.0, 0.0, 0.0, 0.0, 0.0, 0.0, 0.0, 0.0]","[0.1030557463906931, 0.0939202939752466, 0.0986162278439843, 0.1046904349175093, 0.118495050065184, 0.0783623520417216, 0.3089385356816808, 0.2990758192954804]","['O(400, 1)', 'O(400, 5)', 'O-(400, 5)', 'SC(1600, 5)', 'SC(400, 5)', 'SD(400, 5)', 'CC(1000)', 'CC(500)']",8
1,follow,3,"['2025-09-08_01:31:20', '2025-09-06_19:26:05', '2025-09-08_21:37:19', '2025-09-08_21:58:22', '2025-09-08_21:44:51', '2025-09-08_18:54:52', '2025-09-09_06:32:00', '2025-09-08_22:22:11']","[0.0, 0.0, 0.0, 0.0, 0.0, 0.0, 0.0, 0.0]","[0.0934347854582319, 0.0933160455179813, 0.090499498751012, 0.1000174183273879, 0.1151057289437923, 0.0801452380335518, 0.3327394324844725, 0.3100301589168868]","['O(400, 1)', 'O(400, 5)', 'O-(400, 5)', 'SC(1600, 5)', 'SC(400, 5)', 'SD(400, 5)', 'CC(1000)', 'CC(500)']",8
1,follow,4,"['2025-09-08_01:34:30', '2025-09-06_19:44:39', '2025-09-08_21:40:57', '2025-09-08_22:00:34', '2025-09-08_21:46:57', '2025-09-08_19:13:37', '2025-09-09_06:36:27', '2025-09-08_22:25:20']","[0.0, 0.0, 0.0, 0.0, 0.0, 0.0, 0.0, 0.0]","[0.1022688442733634, 0.0870398420180609, 0.0863631891431104, 0.1085659457511803, 0.1350894793648243, 0.0802351876199866, 0.3354787654032127, 0.2833949783866685]","['O(400, 1)', 'O(400, 5)', 'O-(400, 5)', 'SC(1600, 5)', 'SC(400, 5)', 'SD(400, 5)', 'CC(1000)', 'CC(500)']",8
1,follow,5,"['2025-09-08_01:37:32', '2025-09-06_19:47:57', '2025-09-08_21:44:36', '2025-09-08_22:02:48', '2025-09-08_21:49:14', '2025-09-08_19:31:52', '2025-09-09_06:41:46', '2025-09-08_22:29:42']","[0.0, 0.0, 0.0, 0.0, 0.0, 0.0, 0.0, 0.0]","[0.0963999814869989, 0.0955868705936871, 0.0961105581926527, 0.0986884280825945, 0.128585101094252, 0.0947742369740879, 0.3087689035459572, 0.2659089914982055]","['O(400, 1)', 'O(400, 5)', 'O-(400, 5)', 'SC(1600, 5)', 'SC(400, 5)', 'SD(400, 5)', 'CC(1000)', 'CC(500)']",8
1,reach_easy,0,"['2025-09-08_23:59:02', '2025-09-08_04:29:41', '2025-09-06_22:56:08', '2025-09-08_23:21:22', '2025-09-09_00:41:58', '2025-09-08_23:59:02', '2025-09-07_02:24:49', '2025-09-09_09:22:18', '2025-09-09_01:28:19']","[0.156, 0.0, 0.0, 0.0, 0.0, 0.156, 0.0, 0.0, 0.0]","[12.0, 40.0, 33.0, 27.0, 27.0, 12.0, 47.0, 3.0, 3.0]","['SC(400, 5)', 'O(400, 1)', 'O(400, 5)', 'O-(400, 5)', 'SC(1600, 5)', 'SC(400, 5)', 'SD(400, 5)', 'CC(1000)', 'CC(500)']",9
1,reach_easy,1,"['2025-09-08_04:32:31', '2025-09-06_23:00:44', '2025-09-08_23:25:54', '2025-09-09_00:44:08', '2025-09-09_00:01:21', '2025-09-07_02:28:10', '2025-09-09_09:24:14', '2025-09-09_01:31:25']","[0.0, 0.0, 0.0, 0.0, 0.0, 0.0, 0.0, 0.0]","[28.0, 31.0, 22.0, 28.0, 11.0, 32.0, 2.0, 2.0]","['O(400, 1)', 'O(400, 5)', 'O-(400, 5)', 'SC(1600, 5)', 'SC(400, 5)', 'SD(400, 5)', 'CC(1000)', 'CC(500)']",8
1,reach_easy,2,"['2025-09-08_04:35:31', '2025-09-06_23:05:31', '2025-09-08_23:29:32', '2025-09-09_00:46:54', '2025-09-09_00:03:25', '2025-09-07_02:31:37', '2025-09-09_09:26:06', '2025-09-09_01:33:42']","[0.0, 0.0, 0.0, 0.0, 0.0, 0.0, 0.0, 0.0]","[36.0, 37.0, 27.0, 29.0, 10.0, 49.0, 2.0, 2.0]","['O(400, 1)', 'O(400, 5)', 'O-(400, 5)', 'SC(1600, 5)', 'SC(400, 5)', 'SD(400, 5)', 'CC(1000)', 'CC(500)']",8
1,reach_easy,3,"['2025-09-09_11:00:10', '2025-09-09_10:58:57', '2025-09-09_10:54:58', '2025-09-09_00:49:19', '2025-09-09_00:05:12', '2025-09-09_10:57:38', '2025-09-09_09:34:26', '2025-09-09_01:40:27']","[0.0, 0.0, 0.0, 0.0, 0.0, 0.0, 0.0, 0.0]","[29.0, 28.0, 26.0, 25.0, 16.0, 38.0, 1.0, 1.0]","['O(400, 1)', 'O(400, 5)', 'O-(400, 5)', 'SC(1600, 5)', 'SC(400, 5)', 'SD(400, 5)', 'CC(1000)', 'CC(500)']",8
1,reach_easy,4,"['2025-09-09_11:02:50', '2025-09-09_11:02:25', '2025-09-09_10:58:46', '2025-09-09_00:51:33', '2025-09-09_00:07:04', '2025-09-09_11:01:47', '2025-09-09_09:36:05', '2025-09-09_01:42:31']","[0.0, 0.0, 0.0, 0.0, 0.0, 0.0, 0.0, 0.0]","[30.0, 29.0, 33.0, 23.0, 12.0, 42.0, 1.0, 1.0]","['O(400, 1)', 'O(400, 5)', 'O-(400, 5)', 'SC(1600, 5)', 'SC(400, 5)', 'SD(400, 5)', 'CC(1000)', 'CC(500)']",8
1,reach_easy,5,"['2025-09-09_11:05:25', '2025-09-09_11:05:52', '2025-09-09_11:02:45', '2025-09-09_00:54:01', '2025-09-09_00:09:43', '2025-09-09_11:05:11', '2025-09-09_09:37:49', '2025-09-09_01:45:03']","[0.0, 0.0, 0.0, 0.0, 0.0, 0.0, 0.0, 0.0]","[27.0, 21.0, 23.0, 18.0, 8.0, 38.0, 2.0, 1.0]","['O(400, 1)', 'O(400, 5)', 'O-(400, 5)', 'SC(1600, 5)', 'SC(400, 5)', 'SD(400, 5)', 'CC(1000)', 'CC(500)']",8
1,reach_hard,0,"['2025-09-08_06:01:25', '2025-09-07_00:09:40', '2025-09-09_01:57:29', '2025-09-09_01:09:02', '2025-09-07_03:19:16', '2025-09-09_10:46:09', '2025-09-09_02:59:47']","[0.0, 0.004, 0.412, 0.264, 0.784, 0.0, 0.0]","[13.0, 12.0, 2.0, 3.0, 19.0, 0.0, 0.0]","['O(400, 1)', 'O(400, 5)', 'SC(1600, 5)', 'SC(400, 5)', 'SD(400, 5)', 'CC(1000)', 'CC(500)']",7
1,reach_hard,1,"['2025-09-08_06:04:31', '2025-09-07_00:14:10', '2025-09-09_00:24:42', '2025-09-09_01:59:43', '2025-09-09_01:10:56', '2025-09-07_03:23:04', '2025-09-09_11:01:41', '2025-09-09_03:11:15']","[0.0, 0.0, 0.082, 0.172, 0.172, 0.688, 0.0, 0.0]","[12.0, 11.0, 3.0, 12.0, 5.0, 13.0, 0.0, 0.0]","['O(400, 1)', 'O(400, 5)', 'O-(400, 5)', 'SC(1600, 5)', 'SC(400, 5)', 'SD(400, 5)', 'CC(1000)', 'CC(500)']",8
1,reach_hard,2,"['2025-09-08_06:07:33', '2025-09-07_00:18:53', '2025-09-09_00:28:35', '2025-09-09_11:10:17', '2025-09-09_02:01:53', '2025-09-09_01:12:44', '2025-09-07_03:26:38', '2025-09-09_11:10:17', '2025-09-09_03:18:01']","[0.0, 0.042, 0.08, 0.0, 0.16, 0.176, 0.574, 0.0, 0.0]","[12.0, 12.0, 2.0, 24.0, 20.0, 6.0, 24.0, 24.0, 0.0]","['O(400, 1)', 'O(400, 5)', 'O-(400, 5)', 'CC(1000)', 'SC(1600, 5)', 'SC(400, 5)', 'SD(400, 5)', 'CC(1000)', 'CC(500)']",9
1,reach_hard,3,"['2025-09-09_11:46:20', '2025-09-09_11:58:27', '2025-09-09_11:54:04', '2025-09-09_02:04:03', '2025-09-09_01:15:19', '2025-09-09_11:55:05', '2025-09-09_11:26:15', '2025-09-09_03:29:54']","[0.0, 0.0, 0.098, 0.128, 0.128, 0.626, 0.0, 0.0]","[10.0, 10.0, 2.0, 12.0, 9.0, 18.0, 0.0, 0.0]","['O(400, 1)', 'O(400, 5)', 'O-(400, 5)', 'SC(1600, 5)', 'SC(400, 5)', 'SD(400, 5)', 'CC(1000)', 'CC(500)']",8
1,reach_hard,4,"['2025-09-09_11:49:02', '2025-09-09_12:02:16', '2025-09-09_11:58:33', '2025-09-09_02:06:09', '2025-09-09_01:17:36', '2025-09-09_11:58:21', '2025-09-09_11:35:13', '2025-09-09_03:36:53']","[0.0, 0.01, 0.016, 0.132, 0.24, 0.898, 0.0, 0.0]","[14.0, 9.0, 2.0, 8.0, 3.0, 11.0, 0.0, 0.0]","['O(400, 1)', 'O(400, 5)', 'O-(400, 5)', 'SC(1600, 5)', 'SC(400, 5)', 'SD(400, 5)', 'CC(1000)', 'CC(500)']",8
1,reach_hard,5,"['2025-09-09_11:51:36', '2025-09-09_12:06:00', '2025-09-09_12:01:52', '2025-09-09_02:08:07', '2025-09-09_01:19:43', '2025-09-09_12:02:15', '2025-09-09_11:51:47', '2025-09-09_03:48:39']","[0.0, 0.168, 0.17, 0.164, 0.156, 0.47, 0.0, 0.0]","[7.0, 8.0, 2.0, 14.0, 2.0, 14.0, 0.0, 0.0]","['O(400, 1)', 'O(400, 5)', 'O-(400, 5)', 'SC(1600, 5)', 'SC(400, 5)', 'SD(400, 5)', 'CC(1000)', 'CC(500)']",8
2,bin,0,"['2025-09-08_03:15:05', '2025-09-06_21:55:18', '2025-09-08_22:34:56', '2025-09-08_23:37:57', '2025-09-08_23:01:56', '2025-09-07_01:40:03', '2025-09-09_08:33:34', '2025-09-09_00:26:42']","[0.044, 0.0, 0.0, 0.012, 0.08, 0.626, 0.0, 0.0]","[6.0, 10.0, 3.0, 8.0, 2.0, 5.0, 1.0, 1.0]","['O(400, 1)', 'O(400, 5)', 'O-(400, 5)', 'SC(1600, 5)', 'SC(400, 5)', 'SD(400, 5)', 'CC(1000)', 'CC(500)']",8
2,bin,1,"['2025-09-08_03:18:08', '2025-09-06_22:00:25', '2025-09-09_00:04:26', '2025-09-08_23:41:17', '2025-09-08_23:04:15', '2025-09-07_01:43:45', '2025-09-09_08:35:23', '2025-09-09_00:28:55']","[0.0, 0.0, 0.0, 0.316, 0.008, 0.072, 0.0, 0.0]","[4.0, 7.0, 3.0, 3.0, 2.0, 7.0, 0.0, 0.0]","['O(400, 1)', 'O(400, 5)', 'O-(400, 5)', 'SC(1600, 5)', 'SC(400, 5)', 'SD(400, 5)', 'CC(1000)', 'CC(500)']",8
2,bin,2,"['2025-09-08_03:21:11', '2025-09-06_22:05:34', '2025-09-09_00:08:20', '2025-09-08_23:43:41', '2025-09-08_23:06:37', '2025-09-07_01:47:34', '2025-09-09_08:37:23', '2025-09-09_00:31:35']","[0.0, 0.0, 0.016, 0.112, 0.008, 0.188, 0.0, 0.0]","[5.0, 6.0, 4.0, 4.0, 3.0, 7.0, 0.0, 0.0]","['O(400, 1)', 'O(400, 5)', 'O-(400, 5)', 'SC(1600, 5)', 'SC(400, 5)', 'SD(400, 5)', 'CC(1000)', 'CC(500)']",8
2,bin,3,"['2025-09-08_03:24:23', '2025-09-06_20:58:29', '2025-09-09_00:12:15', '2025-09-08_23:46:10', '2025-09-08_23:09:09', '2025-09-08_20:35:24', '2025-09-09_08:39:29', '2025-09-09_00:33:51']","[0.0, 0.0, 0.0, 0.032, 0.036, 0.354, 0.0, 0.0]","[2.0, 5.0, 2.0, 6.0, 1.0, 8.0, 0.0, 0.0]","['O(400, 1)', 'O(400, 5)', 'O-(400, 5)', 'SC(1600, 5)', 'SC(400, 5)', 'SD(400, 5)', 'CC(1000)', 'CC(500)']",8
2,bin,4,"['2025-09-08_03:27:28', '2025-09-06_21:01:58', '2025-09-09_00:16:13', '2025-09-08_23:48:29', '2025-09-08_23:11:17', '2025-09-08_20:39:18', '2025-09-09_08:41:31', '2025-09-09_00:36:28']","[0.0, 0.0, 0.13, 0.08, 0.012, 0.02, 0.0, 0.0]","[6.0, 8.0, 5.0, 6.0, 1.0, 9.0, 1.0, 2.0]","['O(400, 1)', 'O(400, 5)', 'O-(400, 5)', 'SC(1600, 5)', 'SC(400, 5)', 'SD(400, 5)', 'CC(1000)', 'CC(500)']",8
2,bin,5,"['2025-09-08_03:30:27', '2025-09-06_21:05:28', '2025-09-09_00:20:06', '2025-09-08_23:51:22', '2025-09-08_23:14:01', '2025-09-08_20:43:14', '2025-09-09_08:43:22', '2025-09-09_00:38:51']","[0.0, 0.0, 0.0, 0.004, 0.004, 0.05, 0.0, 0.0]","[6.0, 5.0, 4.0, 6.0, 5.0, 8.0, 0.0, 0.0]","['O(400, 1)', 'O(400, 5)', 'O-(400, 5)', 'SC(1600, 5)', 'SC(400, 5)', 'SD(400, 5)', 'CC(1000)', 'CC(500)']",8
2,follow,0,"['2025-09-08_01:40:35', '2025-09-06_19:21:54', '2025-09-08_21:34:26', '2025-09-08_22:18:12', '2025-09-08_21:51:47', '2025-09-07_00:44:02', '2025-09-09_06:45:30', '2025-09-08_22:33:33']","[0.0, 0.0, 0.0, 0.0, 0.0, 0.0, 0.0, 0.0]","[0.0930259236969119, 0.0937845709284864, 0.0922952154263211, 0.091734705710913, 0.0960010880153728, 0.086986445257343, 0.3084018251329957, 0.2587963421406196]","['O(400, 1)', 'O(400, 5)', 'O-(400, 5)', 'SC(1600, 5)', 'SC(400, 5)', 'SD(400, 5)', 'CC(1000)', 'CC(500)']",8
2,follow,1,"['2025-09-08_01:43:45', '2025-09-06_19:26:49', '2025-09-08_21:48:20', '2025-09-08_22:21:11', '2025-09-08_21:53:50', '2025-09-07_00:47:32', '2025-09-09_06:50:33', '2025-09-08_22:37:38']","[0.0, 0.0, 0.0, 0.0, 0.0, 0.0, 0.0, 0.0]","[0.1026248341832554, 0.1052365491492628, 0.0975795144275629, 0.102171349603962, 0.1103832095504791, 0.1025203554105186, 0.296671310714599, 0.2980569388964594]","['O(400, 1)', 'O(400, 5)', 'O-(400, 5)', 'SC(1600, 5)', 'SC(400, 5)', 'SD(400, 5)', 'CC(1000)', 'CC(500)']",8
2,follow,2,"['2025-09-08_01:47:08', '2025-09-06_20:12:54', '2025-09-08_22:06:32', '2025-09-08_22:24:13', '2025-09-08_21:56:41', '2025-09-07_00:50:57', '2025-09-09_06:55:50', '2025-09-08_22:41:53']","[0.0, 0.0, 0.0, 0.0, 0.0, 0.0, 0.0, 0.0]","[0.1003296145265385, 0.1151672961671208, 0.1005822721770967, 0.1287819649906452, 0.1219048322234011, 0.089455119110877, 0.2994543253961314, 0.2970816577621709]","['O(400, 1)', 'O(400, 5)', 'O-(400, 5)', 'SC(1600, 5)', 'SC(400, 5)', 'SD(400, 5)', 'CC(1000)', 'CC(500)']",8
2,follow,3,"['2025-09-08_01:50:11', '2025-09-06_19:51:18', '2025-09-08_22:23:13', '2025-09-08_22:26:29', '2025-09-08_21:58:53', '2025-09-08_19:35:40', '2025-09-09_07:01:00', '2025-09-08_22:46:12']","[0.0, 0.0, 0.0, 0.0, 0.0, 0.0, 0.0, 0.0]","[0.0989602484626758, 0.0986255098736577, 0.1020987606137143, 0.1111586951299938, 0.1276652133138115, 0.0786499795164541, 0.3007093225814603, 0.2780870951790923]","['O(400, 1)', 'O(400, 5)', 'O-(400, 5)', 'SC(1600, 5)', 'SC(400, 5)', 'SD(400, 5)', 'CC(1000)', 'CC(500)']",8
2,follow,4,"['2025-09-08_01:53:08', '2025-09-06_19:54:36', '2025-09-08_22:32:31', '2025-09-08_22:28:57', '2025-09-08_22:01:15', '2025-09-08_19:39:20', '2025-09-09_07:05:46', '2025-09-08_22:50:11']","[0.0, 0.0, 0.0, 0.0, 0.0, 0.0, 0.0, 0.0]","[0.0872888861807539, 0.0920372581783129, 0.0896898195824974, 0.1119493540820084, 0.1204082916836687, 0.0754976031462673, 0.2923519985839515, 0.3106524987090381]","['O(400, 1)', 'O(400, 5)', 'O-(400, 5)', 'SC(1600, 5)', 'SC(400, 5)', 'SD(400, 5)', 'CC(1000)', 'CC(500)']",8
2,follow,5,"['2025-09-08_22:54:49', '2025-09-08_01:55:57', '2025-09-06_19:57:59', '2025-09-08_22:36:16', '2025-09-08_22:31:28', '2025-09-08_22:03:19', '2025-09-08_19:43:05', '2025-09-09_07:11:55', '2025-09-08_22:54:49']","[0.008, 0.0, 0.0, 0.0, 0.0, 0.0, 0.0, 0.0, 0.008]","[0.3045530177788023, 0.0947788945437971, 0.0956926811081935, 0.1022479435713763, 0.1156930309563263, 0.1207300419100916, 0.0915960548629537, 0.3088116723079364, 0.3045530177788023]","['CC(500)', 'O(400, 1)', 'O(400, 5)', 'O-(400, 5)', 'SC(1600, 5)', 'SC(400, 5)', 'SD(400, 5)', 'CC(1000)', 'CC(500)']",9
2,reach_easy,0,"['2025-09-08_04:47:46', '2025-09-06_23:10:12', '2025-09-08_23:33:17', '2025-09-09_00:56:11', '2025-09-09_00:11:41', '2025-09-07_02:35:06', '2025-09-09_09:39:26', '2025-09-09_01:47:08']","[0.0, 0.0, 0.0, 0.0, 0.0, 0.0, 0.0, 0.0]","[27.0, 26.0, 22.0, 19.0, 12.0, 37.0, 1.0, 2.0]","['O(400, 1)', 'O(400, 5)', 'O-(400, 5)', 'SC(1600, 5)', 'SC(400, 5)', 'SD(400, 5)', 'CC(1000)', 'CC(500)']",8
2,reach_easy,1,"['2025-09-08_04:50:49', '2025-09-06_23:15:05', '2025-09-08_23:37:15', '2025-09-09_01:00:12', '2025-09-09_00:13:55', '2025-09-07_02:38:38', '2025-09-09_09:41:38', '2025-09-09_01:49:29']","[0.0, 0.0, 0.0, 0.0, 0.0, 0.0, 0.272, 0.272]","[30.0, 23.0, 25.0, 14.0, 11.0, 34.0, 1.0, 1.0]","['O(400, 1)', 'O(400, 5)', 'O-(400, 5)', 'SC(1600, 5)', 'SC(400, 5)', 'SD(400, 5)', 'CC(1000)', 'CC(500)']",8
2,reach_easy,2,"['2025-09-08_04:53:50', '2025-09-06_23:19:48', '2025-09-09_18:36:21', '2025-09-09_01:03:05', '2025-09-09_00:16:27', '2025-09-07_02:42:10', '2025-09-09_09:43:34', '2025-09-09_01:51:45']","[0.0, 0.0, 0.0, 0.0, 0.0, 0.0, 0.0, 0.0]","[24.0, 30.0, 32.0, 27.0, 8.0, 51.0, 0.0, 2.0]","['O(400, 1)', 'O(400, 5)', 'O-(400, 5)', 'SC(1600, 5)', 'SC(400, 5)', 'SD(400, 5)', 'CC(1000)', 'CC(500)']",8
2,reach_easy,3,"['2025-09-09_11:08:33', '2025-09-09_11:09:33', '2025-09-09_11:06:22', '2025-09-09_01:05:46', '2025-09-09_00:18:32', '2025-09-09_11:09:03', '2025-09-09_09:50:40', '2025-09-09_01:58:50']","[0.0, 0.0, 0.0, 0.0, 0.0, 0.0, 0.0, 0.0]","[30.0, 28.0, 26.0, 25.0, 12.0, 33.0, 2.0, 2.0]","['O(400, 1)', 'O(400, 5)', 'O-(400, 5)', 'SC(1600, 5)', 'SC(400, 5)', 'SD(400, 5)', 'CC(1000)', 'CC(500)']",8
2,reach_easy,4,"['2025-09-09_11:11:48', '2025-09-09_11:13:10', '2025-09-09_00:21:01', '2025-09-09_01:08:08', '2025-09-09_00:21:01', '2025-09-09_11:12:31', '2025-09-09_09:52:35', '2025-09-09_02:01:11']","[0.0, 0.0, 0.02, 0.0, 0.02, 0.0, 0.0, 0.25]","[25.0, 27.0, 5.0, 22.0, 5.0, 43.0, 0.0, 2.0]","['O(400, 1)', 'O(400, 5)', 'SC(400, 5)', 'SC(1600, 5)', 'SC(400, 5)', 'SD(400, 5)', 'CC(1000)', 'CC(500)']",8
2,reach_easy,5,"['2025-09-09_11:14:46', '2025-09-09_11:16:48', '2025-09-09_11:13:56', '2025-09-09_01:10:21', '2025-09-09_00:23:27', '2025-09-09_11:16:17', '2025-09-09_09:54:27', '2025-09-09_02:03:39']","[0.0, 0.0, 0.0, 0.0, 0.044, 0.0, 0.0, 0.0]","[21.0, 30.0, 31.0, 15.0, 6.0, 37.0, 1.0, 1.0]","['O(400, 1)', 'O(400, 5)', 'O-(400, 5)', 'SC(1600, 5)', 'SC(400, 5)', 'SD(400, 5)', 'CC(1000)', 'CC(500)']",8
2,reach_hard,0,"['2025-09-08_06:19:52', '2025-09-07_00:23:31', '2025-09-09_00:32:36', '2025-09-09_02:10:14', '2025-09-09_01:21:34', '2025-09-07_03:30:19', '2025-09-09_12:00:50', '2025-09-09_03:55:40']","[0.0, 0.024, 0.0, 0.224, 0.096, 0.428, 0.0, 0.0]","[8.0, 10.0, 4.0, 2.0, 3.0, 20.0, 0.0, 0.0]","['O(400, 1)', 'O(400, 5)', 'O-(400, 5)', 'SC(1600, 5)', 'SC(400, 5)', 'SD(400, 5)', 'CC(1000)', 'CC(500)']",8
2,reach_hard,1,"['2025-09-08_06:23:04', '2025-09-07_00:28:10', '2025-09-09_00:36:50', '2025-09-09_02:12:38', '2025-09-09_01:23:46', '2025-09-07_03:33:47', '2025-09-09_12:17:02', '2025-09-09_04:07:32']","[0.004, 0.0, 0.002, 0.168, 0.028, 0.916, 0.0, 0.0]","[8.0, 8.0, 2.0, 6.0, 3.0, 5.0, 0.0, 0.0]","['O(400, 1)', 'O(400, 5)', 'O-(400, 5)', 'SC(1600, 5)', 'SC(400, 5)', 'SD(400, 5)', 'CC(1000)', 'CC(500)']",8
2,reach_hard,2,"['2025-09-09_00:41:28', '2025-09-08_06:26:08', '2025-09-07_00:33:16', '2025-09-09_00:41:28', '2025-09-09_02:15:20', '2025-09-09_01:26:17', '2025-09-07_03:38:09', '2025-09-09_12:27:13', '2025-09-09_04:15:12']","[0.038, 0.0, 0.0, 0.038, 0.084, 0.2, 0.644, 0.0, 0.0]","[0.0, 11.0, 5.0, 0.0, 15.0, 5.0, 13.0, 0.0, 0.0]","['O-(400, 5)', 'O(400, 1)', 'O(400, 5)', 'O-(400, 5)', 'SC(1600, 5)', 'SC(400, 5)', 'SD(400, 5)', 'CC(1000)', 'CC(500)']",9
2,reach_hard,3,"['2025-09-09_11:54:13', '2025-09-09_12:10:02', '2025-09-09_12:05:18', '2025-09-09_02:17:40', '2025-09-09_01:28:18', '2025-09-09_12:05:53', '2025-09-09_12:43:19', '2025-09-09_04:27:21']","[0.0, 0.0, 0.012, 0.104, 0.244, 0.472, 0.0, 0.0]","[7.0, 10.0, 2.0, 5.0, 4.0, 23.0, 0.0, 0.0]","['O(400, 1)', 'O(400, 5)', 'O-(400, 5)', 'SC(1600, 5)', 'SC(400, 5)', 'SD(400, 5)', 'CC(1000)', 'CC(500)']",8
2,reach_hard,4,"['2025-09-09_11:58:03', '2025-09-09_12:13:38', '2025-09-09_12:08:49', '2025-09-09_02:19:54', '2025-09-09_01:30:24', '2025-09-09_12:09:28', '2025-09-09_12:53:22', '2025-09-09_04:34:56']","[0.0, 0.014, 0.0, 0.136, 0.08, 0.39, 0.0, 0.0]","[8.0, 13.0, 2.0, 4.0, 3.0, 18.0, 0.0, 0.0]","['O(400, 1)', 'O(400, 5)', 'O-(400, 5)', 'SC(1600, 5)', 'SC(400, 5)', 'SD(400, 5)', 'CC(1000)', 'CC(500)']",8
2,reach_hard,5,"['2025-09-09_12:00:49', '2025-09-09_12:17:23', '2025-09-09_12:12:53', '2025-09-09_02:22:04', '2025-09-09_01:32:27', '2025-09-09_12:12:56', '2025-09-09_13:09:51', '2025-09-09_04:47:02']","[0.076, 0.0, 0.14, 0.216, 0.14, 0.738, 0.0, 0.0]","[7.0, 5.0, 3.0, 5.0, 0.0, 10.0, 0.0, 0.0]","['O(400, 1)', 'O(400, 5)', 'O-(400, 5)', 'SC(1600, 5)', 'SC(400, 5)', 'SD(400, 5)', 'CC(1000)', 'CC(500)']",8
3,bin,0,"['2025-09-08_03:33:38', '2025-09-06_22:10:44', '2025-09-08_22:46:30', '2025-09-08_23:53:51', '2025-09-08_23:16:11', '2025-09-07_01:51:28', '2025-09-09_08:45:40']","[0.0, 0.0, 0.062, 0.152, 0.0, 0.726, 0.0]","[7.0, 9.0, 0.0, 4.0, 3.0, 6.0, 0.0]","['O(400, 1)', 'O(400, 5)', 'O-(400, 5)', 'SC(1600, 5)', 'SC(400, 5)', 'SD(400, 5)', 'CC(1000)']",7
3,bin,1,"['2025-09-08_03:36:36', '2025-09-06_22:15:45', '2025-09-09_00:24:01', '2025-09-08_23:56:33', '2025-09-08_23:18:19', '2025-09-07_01:55:17', '2025-09-09_08:47:34', '2025-09-09_00:44:10']","[0.0, 0.006, 0.048, 0.212, 0.1, 0.122, 0.0, 0.0]","[7.0, 8.0, 1.0, 0.0, 1.0, 12.0, 0.0, 0.0]","['O(400, 1)', 'O(400, 5)', 'O-(400, 5)', 'SC(1600, 5)', 'SC(400, 5)', 'SD(400, 5)', 'CC(1000)', 'CC(500)']",8
3,bin,2,"['2025-09-08_03:39:56', '2025-09-06_22:20:38', '2025-09-09_00:27:54', '2025-09-08_23:20:53', '2025-09-07_01:58:59', '2025-09-09_08:49:44', '2025-09-09_00:46:57']","[0.012, 0.0, 0.016, 0.14, 0.212, 0.0, 0.0]","[5.0, 9.0, 1.0, 1.0, 9.0, 0.0, 0.0]","['O(400, 1)', 'O(400, 5)', 'O-(400, 5)', 'SC(400, 5)', 'SD(400, 5)', 'CC(1000)', 'CC(500)']",7
3,bin,3,"['2025-09-08_03:43:02', '2025-09-06_21:08:50', '2025-09-09_00:31:47', '2025-09-09_00:01:18', '2025-09-08_23:23:53', '2025-09-08_20:48:04', '2025-09-09_08:51:48', '2025-09-09_00:49:14']","[0.0, 0.006, 0.048, 0.212, 0.204, 0.394, 0.0, 0.0]","[6.0, 10.0, 1.0, 0.0, 1.0, 10.0, 0.0, 0.0]","['O(400, 1)', 'O(400, 5)', 'O-(400, 5)', 'SC(1600, 5)', 'SC(400, 5)', 'SD(400, 5)', 'CC(1000)', 'CC(500)']",8
3,bin,4,"['2025-09-08_03:46:03', '2025-09-06_21:12:21', '2025-09-09_00:36:07', '2025-09-09_00:03:57', '2025-09-08_23:26:24', '2025-09-08_20:52:27', '2025-09-09_08:53:56', '2025-09-09_00:51:38']","[0.04, 0.0, 0.11, 0.104, 0.012, 0.022, 0.0, 0.0]","[6.0, 9.0, 1.0, 6.0, 1.0, 13.0, 0.0, 0.0]","['O(400, 1)', 'O(400, 5)', 'O-(400, 5)', 'SC(1600, 5)', 'SC(400, 5)', 'SD(400, 5)', 'CC(1000)', 'CC(500)']",8
3,bin,5,"['2025-09-08_03:49:06', '2025-09-06_21:15:47', '2025-09-09_00:40:56', '2025-09-09_00:06:13', '2025-09-08_23:28:58', '2025-09-08_20:56:49', '2025-09-09_08:55:48', '2025-09-09_00:53:48']","[0.022, 0.0, 0.062, 0.14, 0.088, 0.056, 0.0, 0.0]","[9.0, 9.0, 2.0, 7.0, 2.0, 8.0, 0.0, 0.0]","['O(400, 1)', 'O(400, 5)', 'O-(400, 5)', 'SC(1600, 5)', 'SC(400, 5)', 'SD(400, 5)', 'CC(1000)', 'CC(500)']",8
3,follow,0,"['2025-09-08_01:58:52', '2025-09-06_20:17:52', '2025-09-08_21:45:34', '2025-09-08_22:34:03', '2025-09-08_22:05:22', '2025-09-07_00:54:28', '2025-09-09_07:16:22', '2025-09-08_22:58:52']","[0.0, 0.0, 0.0, 0.0, 0.0, 0.0, 0.0, 0.0]","[0.0918820727814787, 0.1038890164179307, 0.0968486994691286, 0.0971740740838016, 0.1630873123509919, 0.0917499089922577, 0.257992837872144, 0.31717496587505]","['O(400, 1)', 'O(400, 5)', 'O-(400, 5)', 'SC(1600, 5)', 'SC(400, 5)', 'SD(400, 5)', 'CC(1000)', 'CC(500)']",8
3,follow,1,"['2025-09-08_02:02:21', '2025-09-06_20:22:54', '2025-09-08_22:40:35', '2025-09-08_22:36:48', '2025-09-08_22:07:44', '2025-09-07_00:58:12', '2025-09-09_07:20:26', '2025-09-08_23:03:16']","[0.0, 0.0, 0.0, 0.0, 0.0, 0.0, 0.0, 0.0]","[0.0996494886739506, 0.1078172991943252, 0.101778135302209, 0.108510533605608, 0.1048358764998988, 0.0933732883812482, 0.2769569458941128, 0.2901905187649683]","['O(400, 1)', 'O(400, 5)', 'O-(400, 5)', 'SC(1600, 5)', 'SC(400, 5)', 'SD(400, 5)', 'CC(1000)', 'CC(500)']",8
3,follow,2,"['2025-09-08_02:05:22', '2025-09-06_20:27:57', '2025-09-08_22:44:30', '2025-09-08_22:39:34', '2025-09-08_22:09:54', '2025-09-07_01:01:54', '2025-09-09_07:25:09', '2025-09-08_23:08:08']","[0.0, 0.0, 0.0, 0.0, 0.0, 0.0, 0.0, 0.0]","[0.1009107082835535, 0.0890694311971724, 0.1005833392007622, 0.1184097746266792, 0.1188064704192417, 0.0939578638800837, 0.2865002317348485, 0.2654270772504392]","['O(400, 1)', 'O(400, 5)', 'O-(400, 5)', 'SC(1600, 5)', 'SC(400, 5)', 'SD(400, 5)', 'CC(1000)', 'CC(500)']",8
3,follow,3,"['2025-09-08_02:08:27', '2025-09-06_20:01:17', '2025-09-08_22:49:10', '2025-09-08_22:42:51', '2025-09-08_22:12:01', '2025-09-08_19:47:05', '2025-09-09_07:30:07', '2025-09-08_23:12:30']","[0.0, 0.0, 0.0, 0.0, 0.0, 0.0, 0.0, 0.0]","[0.1112102316060883, 0.1004807886617399, 0.079028091321117, 0.1168454996707714, 0.1432546537948462, 0.0940673432280757, 0.305765756630278, 0.3254570569957291]","['O(400, 1)', 'O(400, 5)', 'O-(400, 5)', 'SC(1600, 5)', 'SC(400, 5)', 'SD(400, 5)', 'CC(1000)', 'CC(500)']",8
3,follow,4,"['2025-09-08_02:11:35', '2025-09-06_20:04:38', '2025-09-08_22:53:30', '2025-09-08_22:45:11', '2025-09-08_22:14:09', '2025-09-08_19:50:51', '2025-09-09_07:34:37', '2025-09-08_23:16:33']","[0.0, 0.0, 0.0, 0.0, 0.0, 0.0, 0.0, 0.0]","[0.0895478850966996, 0.0966852805219058, 0.0908723911681175, 0.1106914853465089, 0.10248187168211, 0.0725811209297849, 0.2879153229809963, 0.3146683622238744]","['O(400, 1)', 'O(400, 5)', 'O-(400, 5)', 'SC(1600, 5)', 'SC(400, 5)', 'SD(400, 5)', 'CC(1000)', 'CC(500)']",8
3,follow,5,"['2025-09-08_02:14:52', '2025-09-06_20:08:06', '2025-09-08_22:57:33', '2025-09-08_22:47:26', '2025-09-08_22:16:14', '2025-09-08_19:55:12', '2025-09-09_07:40:03', '2025-09-08_23:23:14']","[0.0, 0.0, 0.0, 0.0, 0.028, 0.0, 0.0, 0.0]","[0.1041953915158676, 0.0971183019281913, 0.0939095483925722, 0.1021526766769111, 0.221856190469715, 0.1009632701205947, 0.3133341857789113, 0.2967162174304322]","['O(400, 1)', 'O(400, 5)', 'O-(400, 5)', 'SC(1600, 5)', 'SC(400, 5)', 'SD(400, 5)', 'CC(1000)', 'CC(500)']",8
3,reach_easy,0,"['2025-09-08_05:05:52', '2025-09-06_23:24:18', '2025-09-08_23:42:12', '2025-09-09_01:12:47', '2025-09-09_00:25:35', '2025-09-07_02:45:56', '2025-09-09_09:56:26', '2025-09-09_02:06:51']","[0.0, 0.0, 0.0, 0.0, 0.0, 0.0, 0.0, 0.0]","[28.0, 27.0, 24.0, 23.0, 12.0, 38.0, 1.0, 1.0]","['O(400, 1)', 'O(400, 5)', 'O-(400, 5)', 'SC(1600, 5)', 'SC(400, 5)', 'SD(400, 5)', 'CC(1000)', 'CC(500)']",8
3,reach_easy,1,"['2025-09-08_05:08:57', '2025-09-06_23:29:22', '2025-09-08_23:46:40', '2025-09-09_01:15:02', '2025-09-09_00:28:05', '2025-09-07_02:49:28', '2025-09-09_09:58:44', '2025-09-09_02:09:13']","[0.0, 0.0, 0.0, 0.0, 0.0, 0.0, 0.272, 0.272]","[21.0, 23.0, 25.0, 14.0, 11.0, 34.0, 1.0, 1.0]","['O(400, 1)', 'O(400, 5)', 'O-(400, 5)', 'SC(1600, 5)', 'SC(400, 5)', 'SD(400, 5)', 'CC(1000)', 'CC(500)']",8
3,reach_easy,2,"['2025-09-08_05:11:34', '2025-09-06_23:34:17', '2025-09-08_23:50:25', '2025-09-09_01:17:27', '2025-09-09_00:30:13', '2025-09-07_02:53:00', '2025-09-09_10:00:42', '2025-09-09_02:11:28']","[0.0, 0.0, 0.0, 0.0, 0.0, 0.0, 0.0, 0.0]","[32.0, 28.0, 25.0, 25.0, 11.0, 49.0, 0.0, 2.0]","['O(400, 1)', 'O(400, 5)', 'O-(400, 5)', 'SC(1600, 5)', 'SC(400, 5)', 'SD(400, 5)', 'CC(1000)', 'CC(500)']",8
3,reach_easy,3,"['2025-09-09_11:17:44', '2025-09-09_11:20:54', '2025-09-09_11:17:38', '2025-09-09_01:20:25', '2025-09-09_00:32:18', '2025-09-09_11:19:48', '2025-09-09_10:07:41', '2025-09-09_02:18:32']","[0.0, 0.0, 0.0, 0.0, 0.0, 0.0, 0.0, 0.0]","[30.0, 29.0, 25.0, 25.0, 11.0, 33.0, 2.0, 2.0]","['O(400, 1)', 'O(400, 5)', 'O-(400, 5)', 'SC(1600, 5)', 'SC(400, 5)', 'SD(400, 5)', 'CC(1000)', 'CC(500)']",8
3,reach_easy,4,"['2025-09-09_11:20:33', '2025-09-09_11:24:58', '2025-09-09_11:21:55', '2025-09-09_01:22:44', '2025-09-09_00:34:26', '2025-09-09_11:23:29', '2025-09-09_10:09:40', '2025-09-09_02:20:41']","[0.0, 0.0, 0.0, 0.0, 0.0, 0.0, 0.0, 0.248]","[29.0, 30.0, 27.0, 27.0, 15.0, 40.0, 0.0, 2.0]","['O(400, 1)', 'O(400, 5)', 'O-(400, 5)', 'SC(1600, 5)', 'SC(400, 5)', 'SD(400, 5)', 'CC(1000)', 'CC(500)']",8
3,reach_easy,5,"['2025-09-09_11:23:26', '2025-09-09_11:28:46', '2025-09-09_11:25:45', '2025-09-09_01:25:16', '2025-09-09_00:37:21', '2025-09-09_11:26:57', '2025-09-09_10:11:32', '2025-09-09_02:23:11']","[0.0, 0.0, 0.0, 0.0, 0.0, 0.0, 0.0, 0.0]","[20.0, 29.0, 19.0, 22.0, 4.0, 38.0, 1.0, 1.0]","['O(400, 1)', 'O(400, 5)', 'O-(400, 5)', 'SC(1600, 5)', 'SC(400, 5)', 'SD(400, 5)', 'CC(1000)', 'CC(500)']",8
3,reach_hard,0,"['2025-09-08_06:38:26', '2025-09-07_00:38:02', '2025-09-09_00:45:15', '2025-09-09_02:24:19', '2025-09-09_01:34:29', '2025-09-07_03:41:35', '2025-09-09_13:20:09', '2025-09-09_04:55:26']","[0.012, 0.0, 0.04, 0.232, 0.256, 0.308, 0.0, 0.0]","[9.0, 9.0, 3.0, 2.0, 6.0, 13.0, 0.0, 0.0]","['O(400, 1)', 'O(400, 5)', 'O-(400, 5)', 'SC(1600, 5)', 'SC(400, 5)', 'SD(400, 5)', 'CC(1000)', 'CC(500)']",8
3,reach_hard,1,"['2025-09-08_06:41:18', '2025-09-07_00:43:00', '2025-09-09_00:49:02', '2025-09-09_02:26:42', '2025-09-09_01:36:29', '2025-09-07_03:45:03', '2025-09-09_13:36:23', '2025-09-09_05:07:23']","[0.0, 0.0, 0.18, 0.156, 0.092, 0.614, 0.0, 0.0]","[8.0, 9.0, 4.0, 8.0, 3.0, 12.0, 0.0, 0.0]","['O(400, 1)', 'O(400, 5)', 'O-(400, 5)', 'SC(1600, 5)', 'SC(400, 5)', 'SD(400, 5)', 'CC(1000)', 'CC(500)']",8
3,reach_hard,2,"['2025-09-08_06:44:19', '2025-09-07_00:48:11', '2025-09-09_00:53:01', '2025-09-09_02:28:55', '2025-09-09_01:38:28', '2025-09-07_03:48:58', '2025-09-09_13:46:33', '2025-09-09_05:15:12']","[0.008, 0.076, 0.088, 0.102, 0.274, 0.63, 0.0, 0.0]","[7.0, 5.0, 2.0, 7.0, 0.0, 12.0, 0.0, 0.0]","['O(400, 1)', 'O(400, 5)', 'O-(400, 5)', 'SC(1600, 5)', 'SC(400, 5)', 'SD(400, 5)', 'CC(1000)', 'CC(500)']",8
3,reach_hard,3,"['2025-09-09_12:04:10', '2025-09-09_12:21:09', '2025-09-09_12:17:24', '2025-09-09_02:31:12', '2025-09-09_01:40:56', '2025-09-09_12:16:37', '2025-09-09_14:02:47', '2025-09-09_05:27:22']","[0.0, 0.018, 0.028, 0.152, 0.088, 0.532, 0.0, 0.0]","[10.0, 15.0, 2.0, 5.0, 9.0, 19.0, 0.0, 0.0]","['O(400, 1)', 'O(400, 5)', 'O-(400, 5)', 'SC(1600, 5)', 'SC(400, 5)', 'SD(400, 5)', 'CC(1000)', 'CC(500)']",8
3,reach_hard,4,"['2025-09-09_12:07:04', '2025-09-09_12:25:51', '2025-09-09_12:21:20', '2025-09-09_02:33:27', '2025-09-09_01:42:57', '2025-09-09_12:20:21', '2025-09-09_14:12:25', '2025-09-09_05:34:55']","[0.0, 0.0, 0.014, 0.1, 0.042, 0.748, 0.0, 0.0]","[8.0, 3.0, 1.0, 6.0, 2.0, 11.0, 0.0, 0.0]","['O(400, 1)', 'O(400, 5)', 'O-(400, 5)', 'SC(1600, 5)', 'SC(400, 5)', 'SD(400, 5)', 'CC(1000)', 'CC(500)']",8
3,reach_hard,5,"['2025-09-09_12:09:57', '2025-09-09_12:29:34', '2025-09-09_12:25:21', '2025-09-09_02:35:41', '2025-09-09_01:45:33', '2025-09-09_12:24:57', '2025-09-09_14:28:59', '2025-09-09_05:47:06']","[0.024, 0.012, 0.196, 0.232, 0.104, 0.622, 0.0, 0.0]","[6.0, 5.0, 1.0, 8.0, 0.0, 18.0, 0.0, 0.0]","['O(400, 1)', 'O(400, 5)', 'O-(400, 5)', 'SC(1600, 5)', 'SC(400, 5)', 'SD(400, 5)', 'CC(1000)', 'CC(500)']",8
4,bin,0,"['2025-09-08_03:52:13', '2025-09-06_22:25:49', '2025-09-08_22:58:31', '2025-09-09_00:08:54', '2025-09-08_23:31:09', '2025-09-07_02:02:32', '2025-09-09_08:58:01', '2025-09-09_00:56:20']","[0.018, 0.0, 0.05, 0.012, 0.1, 0.138, 0.0, 0.0]","[8.0, 7.0, 5.0, 3.0, 1.0, 10.0, 0.0, 0.0]","['O(400, 1)', 'O(400, 5)', 'O-(400, 5)', 'SC(1600, 5)', 'SC(400, 5)', 'SD(400, 5)', 'CC(1000)', 'CC(500)']",8
4,bin,1,"['2025-09-08_03:55:18', '2025-09-06_22:30:50', '2025-09-09_00:44:52', '2025-09-09_00:12:08', '2025-09-08_23:33:37', '2025-09-07_02:06:05', '2025-09-09_09:00:11', '2025-09-09_00:58:51']","[0.0, 0.0, 0.07, 0.028, 0.008, 0.414, 0.4, 0.004]","[6.0, 5.0, 3.0, 3.0, 2.0, 5.0, 1.0, 1.0]","['O(400, 1)', 'O(400, 5)', 'O-(400, 5)', 'SC(1600, 5)', 'SC(400, 5)', 'SD(400, 5)', 'CC(1000)', 'CC(500)']",8
4,bin,2,"['2025-09-08_03:58:13', '2025-09-06_22:35:57', '2025-09-09_00:49:01', '2025-09-09_00:15:26', '2025-09-08_23:35:45', '2025-09-07_02:09:49', '2025-09-09_09:01:59', '2025-09-09_01:02:40']","[0.012, 0.0, 0.0, 0.152, 0.0, 0.092, 0.0, 0.0]","[5.0, 6.0, 3.0, 4.0, 2.0, 9.0, 0.0, 0.0]","['O(400, 1)', 'O(400, 5)', 'O-(400, 5)', 'SC(1600, 5)', 'SC(400, 5)', 'SD(400, 5)', 'CC(1000)', 'CC(500)']",8
4,bin,3,"['2025-09-08_04:01:24', '2025-09-06_21:19:24', '2025-09-09_00:52:57', '2025-09-09_00:18:13', '2025-09-08_23:38:46', '2025-09-08_21:00:42', '2025-09-09_09:03:59', '2025-09-09_01:05:25']","[0.022, 0.0, 0.094, 0.016, 0.036, 0.856, 0.0, 0.0]","[7.0, 7.0, 3.0, 8.0, 1.0, 0.0, 0.0, 0.0]","['O(400, 1)', 'O(400, 5)', 'O-(400, 5)', 'SC(1600, 5)', 'SC(400, 5)', 'SD(400, 5)', 'CC(1000)', 'CC(500)']",8
4,bin,4,"['2025-09-08_04:04:41', '2025-09-06_21:22:54', '2025-09-09_00:56:52', '2025-09-09_00:20:31', '2025-09-08_23:40:58', '2025-09-08_21:04:56', '2025-09-09_09:06:05', '2025-09-09_01:07:46']","[0.0, 0.0, 0.004, 0.076, 0.012, 0.0, 0.0, 0.0]","[6.0, 7.0, 5.0, 6.0, 1.0, 8.0, 1.0, 2.0]","['O(400, 1)', 'O(400, 5)', 'O-(400, 5)', 'SC(1600, 5)', 'SC(400, 5)', 'SD(400, 5)', 'CC(1000)', 'CC(500)']",8
4,bin,5,"['2025-09-08_04:07:49', '2025-09-06_21:26:20', '2025-09-09_01:00:48', '2025-09-09_00:22:58', '2025-09-08_23:43:06', '2025-09-08_21:08:52', '2025-09-09_09:07:56', '2025-09-09_01:10:25']","[0.018, 0.0, 0.0, 0.004, 0.004, 0.214, 0.0, 0.0]","[6.0, 8.0, 4.0, 2.0, 4.0, 7.0, 0.0, 0.0]","['O(400, 1)', 'O(400, 5)', 'O-(400, 5)', 'SC(1600, 5)', 'SC(400, 5)', 'SD(400, 5)', 'CC(1000)', 'CC(500)']",8
4,follow,0,"['2025-09-08_02:18:11', '2025-09-06_20:38:50', '2025-09-08_21:57:56', '2025-09-08_22:49:43', '2025-09-08_22:18:08', '2025-09-07_01:05:44', '2025-09-09_07:44:21', '2025-09-08_23:28:02']","[0.0, 0.0, 0.0, 0.0, 0.0, 0.0, 0.276, 0.276]","[0.0895012387491746, 0.0979088048967127, 0.1020879180268757, 0.1094535690200464, 0.138975881505659, 0.0802352132765564, 0.2770898018121396, 0.3065683209196808]","['O(400, 1)', 'O(400, 5)', 'O-(400, 5)', 'SC(1600, 5)', 'SC(400, 5)', 'SD(400, 5)', 'CC(1000)', 'CC(500)']",8
4,follow,1,"['2025-09-08_02:21:20', '2025-09-06_20:49:27', '2025-09-08_23:01:27', '2025-09-08_22:53:00', '2025-09-08_22:20:11', '2025-09-07_01:09:21', '2025-09-09_07:47:22', '2025-09-08_23:31:36']","[0.0, 0.0, 0.0, 0.0, 0.0, 0.0, 0.274, 0.278]","[0.1134346445141352, 0.0846905991746514, 0.1021951594049547, 0.0998176344445432, 0.1374683372597213, 0.0923460881611657, 0.308942765965549, 0.283398117697186]","['O(400, 1)', 'O(400, 5)', 'O-(400, 5)', 'SC(1600, 5)', 'SC(400, 5)', 'SD(400, 5)', 'CC(1000)', 'CC(500)']",8
4,follow,2,"['2025-09-08_02:24:25', '2025-09-06_20:56:45', '2025-09-08_23:05:28', '2025-09-08_22:55:50', '2025-09-08_22:22:42', '2025-09-07_01:13:05', '2025-09-09_07:50:43', '2025-09-08_23:35:27']","[0.0, 0.0, 0.0, 0.006, 0.0, 0.0, 0.27, 0.27]","[0.0941583025938897, 0.0873408418014765, 0.1004812920794105, 0.1082836107595638, 0.1468057018223767, 0.0954071421329784, 0.3123716392095226, 0.3247089555654533]","['O(400, 1)', 'O(400, 5)', 'O-(400, 5)', 'SC(1600, 5)', 'SC(400, 5)', 'SD(400, 5)', 'CC(1000)', 'CC(500)']",8
4,follow,3,"['2025-09-08_23:10:09', '2025-09-08_02:27:31', '2025-09-06_20:26:59', '2025-09-08_23:10:09', '2025-09-08_22:58:11', '2025-09-08_22:25:12', '2025-09-08_19:59:01', '2025-09-09_07:53:47', '2025-09-08_23:40:16']","[0.026, 0.0, 0.0, 0.026, 0.0, 0.0, 0.0, 0.276, 0.278]","[0.1007483869394229, 0.1012008472761633, 0.1052517461436685, 0.1007483869394229, 0.1039574655912796, 0.1307915294790731, 0.0880037357875665, 0.335581626000172, 0.3079960346190169]","['O-(400, 5)', 'O(400, 1)', 'O(400, 5)', 'O-(400, 5)', 'SC(1600, 5)', 'SC(400, 5)', 'SD(400, 5)', 'CC(1000)', 'CC(500)']",9
4,follow,4,"['2025-09-08_02:30:41', '2025-09-06_20:30:26', '2025-09-08_23:14:31', '2025-09-08_23:00:26', '2025-09-08_22:28:27', '2025-09-08_20:03:07', '2025-09-09_07:57:17', '2025-09-08_23:43:35']","[0.0, 0.0, 0.0, 0.0, 0.0, 0.0, 0.278, 0.274]","[0.0954044496882831, 0.0906776318909512, 0.0948163741983339, 0.0905388119336634, 0.1289783341382376, 0.0840431548887601, 0.3128090698269803, 0.3456320291438517]","['O(400, 1)', 'O(400, 5)', 'O-(400, 5)', 'SC(1600, 5)', 'SC(400, 5)', 'SD(400, 5)', 'CC(1000)', 'CC(500)']",8
4,follow,5,"['2025-09-08_02:33:49', '2025-09-06_20:33:52', '2025-09-08_23:18:26', '2025-09-08_23:03:09', '2025-09-08_22:30:59', '2025-09-08_20:06:55', '2025-09-09_08:00:39', '2025-09-08_23:46:55']","[0.0, 0.0, 0.0, 0.0, 0.0, 0.0, 0.272, 0.276]","[0.088593263218386, 0.1097946083254365, 0.1015876216997803, 0.1186590246029841, 0.1275447345391587, 0.0873961194121939, 0.2948129085198804, 0.298675134851768]","['O(400, 1)', 'O(400, 5)', 'O-(400, 5)', 'SC(1600, 5)', 'SC(400, 5)', 'SD(400, 5)', 'CC(1000)', 'CC(500)']",8
4,reach_easy,0,"['2025-09-08_05:24:05', '2025-09-06_23:39:02', '2025-09-08_23:54:22', '2025-09-09_01:27:37', '2025-09-09_00:40:27', '2025-09-07_02:56:29', '2025-09-09_10:13:28', '2025-09-09_02:25:35']","[0.0, 0.0, 0.0, 0.0, 0.0, 0.0, 0.074, 0.082]","[27.0, 29.0, 24.0, 20.0, 11.0, 38.0, 1.0, 1.0]","['O(400, 1)', 'O(400, 5)', 'O-(400, 5)', 'SC(1600, 5)', 'SC(400, 5)', 'SD(400, 5)', 'CC(1000)', 'CC(500)']",8
4,reach_easy,1,"['2025-09-08_05:27:07', '2025-09-06_23:43:53', '2025-09-08_23:58:24', '2025-09-09_01:29:59', '2025-09-09_00:42:33', '2025-09-07_03:00:32', '2025-09-09_10:15:34', '2025-09-09_02:27:53']","[0.0, 0.0, 0.0, 0.0, 0.0, 0.058, 0.354, 0.354]","[27.0, 19.0, 24.0, 25.0, 8.0, 33.0, 1.0, 1.0]","['O(400, 1)', 'O(400, 5)', 'O-(400, 5)', 'SC(1600, 5)', 'SC(400, 5)', 'SD(400, 5)', 'CC(1000)', 'CC(500)']",8
4,reach_easy,2,"['2025-09-08_05:30:04', '2025-09-06_23:49:02', '2025-09-09_00:02:23', '2025-09-09_01:32:49', '2025-09-09_00:44:45', '2025-09-07_03:04:08', '2025-09-09_10:17:45', '2025-09-09_02:30:02']","[0.0, 0.0, 0.0, 0.0, 0.0, 0.0, 0.276, 0.276]","[33.0, 32.0, 30.0, 26.0, 6.0, 45.0, 1.0, 1.0]","['O(400, 1)', 'O(400, 5)', 'O-(400, 5)', 'SC(1600, 5)', 'SC(400, 5)', 'SD(400, 5)', 'CC(1000)', 'CC(500)']",8
4,reach_easy,3,"['2025-09-09_11:27:10', '2025-09-09_11:32:50', '2025-09-09_11:29:21', '2025-09-09_01:35:05', '2025-09-09_00:46:48', '2025-09-09_11:30:33', '2025-09-09_10:24:05', '2025-09-09_02:35:21']","[0.0, 0.01, 0.0, 0.0, 0.0, 0.0, 0.162, 0.132]","[31.0, 28.0, 26.0, 19.0, 12.0, 33.0, 2.0, 2.0]","['O(400, 1)', 'O(400, 5)', 'O-(400, 5)', 'SC(1600, 5)', 'SC(400, 5)', 'SD(400, 5)', 'CC(1000)', 'CC(500)']",8
4,reach_easy,4,"['2025-09-09_11:30:26', '2025-09-09_11:37:44', '2025-09-09_11:33:09', '2025-09-09_01:37:29', '2025-09-09_00:49:16', '2025-09-09_11:34:11', '2025-09-09_10:26:00', '2025-09-09_02:38:03']","[0.002, 0.0, 0.0, 0.0, 0.014, 0.0, 0.134, 0.296]","[30.0, 24.0, 29.0, 25.0, 14.0, 38.0, 0.0, 2.0]","['O(400, 1)', 'O(400, 5)', 'O-(400, 5)', 'SC(1600, 5)', 'SC(400, 5)', 'SD(400, 5)', 'CC(1000)', 'CC(500)']",8
4,reach_easy,5,"['2025-09-09_11:33:24', '2025-09-09_11:41:57', '2025-09-09_11:36:59', '2025-09-09_01:39:47', '2025-09-09_00:51:30', '2025-09-09_11:37:56', '2025-09-09_10:27:53', '2025-09-09_02:40:26']","[0.0, 0.0, 0.0, 0.0, 0.0, 0.0, 0.03, 0.22]","[20.0, 29.0, 26.0, 25.0, 8.0, 37.0, 2.0, 1.0]","['O(400, 1)', 'O(400, 5)', 'O-(400, 5)', 'SC(1600, 5)', 'SC(400, 5)', 'SD(400, 5)', 'CC(1000)', 'CC(500)']",8
4,reach_hard,0,"['2025-09-08_06:56:23', '2025-09-07_00:53:22', '2025-09-09_00:56:39', '2025-09-09_02:37:55', '2025-09-09_01:47:45', '2025-09-07_03:52:48', '2025-09-09_14:39:22', '2025-09-09_05:54:58']","[0.006, 0.0, 0.062, 0.244, 0.22, 0.406, 0.276, 0.276]","[9.0, 7.0, 1.0, 2.0, 5.0, 13.0, 0.0, 0.0]","['O(400, 1)', 'O(400, 5)', 'O-(400, 5)', 'SC(1600, 5)', 'SC(400, 5)', 'SD(400, 5)', 'CC(1000)', 'CC(500)']",8
4,reach_hard,1,"['2025-09-08_06:59:05', '2025-09-07_00:58:17', '2025-09-09_01:00:22', '2025-09-09_02:40:24', '2025-09-09_01:49:44', '2025-09-07_03:56:34', '2025-09-09_14:50:28', '2025-09-09_06:03:33']","[0.0, 0.02, 0.002, 0.212, 0.092, 0.614, 0.276, 0.276]","[5.0, 8.0, 2.0, 7.0, 4.0, 12.0, 0.0, 0.0]","['O(400, 1)', 'O(400, 5)', 'O-(400, 5)', 'SC(1600, 5)', 'SC(400, 5)', 'SD(400, 5)', 'CC(1000)', 'CC(500)']",8
4,reach_hard,2,"['2025-09-08_07:02:21', '2025-09-07_01:03:31', '2025-09-09_01:04:30', '2025-09-09_02:42:45', '2025-09-09_01:51:48', '2025-09-07_04:00:39', '2025-09-09_14:57:49', '2025-09-09_06:09:10']","[0.07, 0.012, 0.054, 0.04, 0.148, 0.238, 0.276, 0.276]","[4.0, 8.0, 4.0, 6.0, 1.0, 12.0, 0.0, 0.0]","['O(400, 1)', 'O(400, 5)', 'O-(400, 5)', 'SC(1600, 5)', 'SC(400, 5)', 'SD(400, 5)', 'CC(1000)', 'CC(500)']",8
4,reach_hard,3,"['2025-09-09_12:13:10', '2025-09-09_12:33:15', '2025-09-09_12:29:10', '2025-09-09_02:45:10', '2025-09-09_01:54:05', '2025-09-09_12:29:11', '2025-09-09_15:09:09', '2025-09-09_06:17:42']","[0.04, 0.0, 0.028, 0.14, 0.206, 0.508, 0.276, 0.276]","[9.0, 13.0, 2.0, 7.0, 3.0, 19.0, 0.0, 0.0]","['O(400, 1)', 'O(400, 5)', 'O-(400, 5)', 'SC(1600, 5)', 'SC(400, 5)', 'SD(400, 5)', 'CC(1000)', 'CC(500)']",8
4,reach_hard,4,"['2025-09-09_12:16:00', '2025-09-09_12:37:41', '2025-09-09_12:32:52', '2025-09-09_02:47:30', '2025-09-09_01:56:19', '2025-09-09_12:33:16', '2025-09-09_15:17:19', '2025-09-09_06:23:25']","[0.0, 0.0, 0.038, 0.116, 0.046, 0.71, 0.276, 0.276]","[10.0, 7.0, 1.0, 2.0, 1.0, 10.0, 0.0, 0.0]","['O(400, 1)', 'O(400, 5)', 'O-(400, 5)', 'SC(1600, 5)', 'SC(400, 5)', 'SD(400, 5)', 'CC(1000)', 'CC(500)']",8
4,reach_hard,5,"['2025-09-09_12:19:40', '2025-09-09_12:41:28', '2025-09-09_12:36:45', '2025-09-09_02:50:19', '2025-09-09_01:58:49', '2025-09-09_12:37:11', '2025-09-09_15:29:00', '2025-09-09_06:32:02']","[0.06, 0.0, 0.17, 0.336, 0.12, 0.252, 0.276, 0.276]","[9.0, 5.0, 1.0, 5.0, 0.0, 12.0, 0.0, 0.0]","['O(400, 1)', 'O(400, 5)', 'O-(400, 5)', 'SC(1600, 5)', 'SC(400, 5)', 'SD(400, 5)', 'CC(1000)', 'CC(500)']",8
5,bin,0,"['2025-09-08_04:10:39', '2025-09-06_22:41:03', '2025-09-09_00:25:18', '2025-09-08_23:45:12', '2025-09-07_02:13:41', '2025-09-09_09:10:07', '2025-09-09_01:13:10']","[0.0, 0.024, 0.08, 0.076, 0.202, 0.0, 0.0]","[5.0, 7.0, 4.0, 2.0, 11.0, 0.0, 0.0]","['O(400, 1)', 'O(400, 5)', 'SC(1600, 5)', 'SC(400, 5)', 'SD(400, 5)', 'CC(1000)', 'CC(500)']",7
5,bin,1,"['2025-09-08_04:13:53', '2025-09-06_22:45:55', '2025-09-09_01:05:36', '2025-09-09_00:28:16', '2025-09-08_23:47:16', '2025-09-07_02:17:22', '2025-09-09_09:12:17', '2025-09-09_01:15:46']","[0.004, 0.0, 0.03, 0.176, 0.116, 0.854, 0.0, 0.0]","[7.0, 8.0, 0.0, 2.0, 1.0, 3.0, 0.0, 0.0]","['O(400, 1)', 'O(400, 5)', 'O-(400, 5)', 'SC(1600, 5)', 'SC(400, 5)', 'SD(400, 5)', 'CC(1000)', 'CC(500)']",8
5,bin,2,"['2025-09-08_04:17:05', '2025-09-06_22:51:02', '2025-09-09_01:10:02', '2025-09-09_00:31:10', '2025-09-08_23:49:54', '2025-09-07_02:21:09', '2025-09-09_09:14:17', '2025-09-09_01:18:09']","[0.008, 0.022, 0.0, 0.144, 0.004, 0.182, 0.0, 0.0]","[7.0, 6.0, 1.0, 6.0, 1.0, 10.0, 0.0, 0.0]","['O(400, 1)', 'O(400, 5)', 'O-(400, 5)', 'SC(1600, 5)', 'SC(400, 5)', 'SD(400, 5)', 'CC(1000)', 'CC(500)']",8
5,bin,3,"['2025-09-08_04:20:10', '2025-09-06_21:29:49', '2025-09-09_01:13:57', '2025-09-09_00:33:37', '2025-09-08_23:52:22', '2025-09-08_21:13:06', '2025-09-09_09:16:12', '2025-09-09_01:20:24']","[0.018, 0.054, 0.032, 0.104, 0.204, 0.856, 0.0, 0.0]","[9.0, 5.0, 3.0, 0.0, 1.0, 3.0, 0.0, 0.0]","['O(400, 1)', 'O(400, 5)', 'O-(400, 5)', 'SC(1600, 5)', 'SC(400, 5)', 'SD(400, 5)', 'CC(1000)', 'CC(500)']",8
5,bin,4,"['2025-09-08_04:23:09', '2025-09-06_21:33:29', '2025-09-09_01:17:54', '2025-09-09_00:35:59', '2025-09-08_23:54:30', '2025-09-08_21:16:44', '2025-09-09_09:18:23', '2025-09-09_01:22:59']","[0.0, 0.0, 0.11, 0.052, 0.012, 0.022, 0.0, 0.0]","[8.0, 9.0, 1.0, 7.0, 1.0, 10.0, 0.0, 0.0]","['O(400, 1)', 'O(400, 5)', 'O-(400, 5)', 'SC(1600, 5)', 'SC(400, 5)', 'SD(400, 5)', 'CC(1000)', 'CC(500)']",8
5,bin,5,"['2025-09-08_04:26:21', '2025-09-06_21:36:55', '2025-09-09_01:21:35', '2025-09-09_00:38:26', '2025-09-08_23:57:03', '2025-09-08_21:20:34', '2025-09-09_09:20:15', '2025-09-09_01:25:47']","[0.012, 0.0, 0.0, 0.092, 0.072, 0.318, 0.0, 0.0]","[8.0, 10.0, 0.0, 7.0, 5.0, 8.0, 0.0, 0.0]","['O(400, 1)', 'O(400, 5)', 'O-(400, 5)', 'SC(1600, 5)', 'SC(400, 5)', 'SD(400, 5)', 'CC(1000)', 'CC(500)']",8
5,follow,0,"['2025-09-08_02:37:04', '2025-09-06_21:10:33', '2025-09-08_22:09:53', '2025-09-08_23:05:50', '2025-09-08_22:33:31', '2025-09-07_01:16:41', '2025-09-09_08:04:04', '2025-09-08_23:50:21']","[0.31, 0.034, 0.06, 0.136, 0.222, 0.372, 0.348, 0.346]","[0.1961866678746282, 0.1170444604787967, 0.12254889330519, 0.1600888062436094, 0.2201941387669856, 0.1720200003811061, 0.3090430154828346, 0.3234654300025654]","['O(400, 1)', 'O(400, 5)', 'O-(400, 5)', 'SC(1600, 5)', 'SC(400, 5)', 'SD(400, 5)', 'CC(1000)', 'CC(500)']",8
5,follow,1,"['2025-09-08_02:40:08', '2025-09-06_21:17:17', '2025-09-08_23:22:30', '2025-09-08_23:08:19', '2025-09-08_22:35:53', '2025-09-07_01:20:49', '2025-09-09_08:06:50', '2025-09-08_23:53:59']","[0.198, 0.0, 0.0, 0.188, 0.282, 0.338, 0.382, 0.35]","[0.2009276727121418, 0.1249358058738566, 0.1241420343001547, 0.1928130227512675, 0.3320545668859037, 0.1493045514016709, 0.3243160458025121, 0.3162948038958755]","['O(400, 1)', 'O(400, 5)', 'O-(400, 5)', 'SC(1600, 5)', 'SC(400, 5)', 'SD(400, 5)', 'CC(1000)', 'CC(500)']",8
5,follow,2,"['2025-09-08_02:43:28', '2025-09-06_21:24:25', '2025-09-08_23:26:43', '2025-09-08_23:10:47', '2025-09-08_22:38:33', '2025-09-07_01:24:52', '2025-09-09_08:09:45', '2025-09-08_23:57:16']","[0.176, 0.088, 0.012, 0.212, 0.314, 0.186, 0.36, 0.35]","[0.2009720437200148, 0.1951672823197993, 0.151838851227972, 0.1491620584247106, 0.3161033110460732, 0.1852338197926922, 0.3205872461019031, 0.3158763050363591]","['O(400, 1)', 'O(400, 5)', 'O-(400, 5)', 'SC(1600, 5)', 'SC(400, 5)', 'SD(400, 5)', 'CC(1000)', 'CC(500)']",8
5,follow,3,"['2025-09-08_02:46:47', '2025-09-06_20:37:23', '2025-09-08_23:30:51', '2025-09-08_23:14:00', '2025-09-08_22:40:50', '2025-09-08_20:11:13', '2025-09-09_08:12:49', '2025-09-09_00:00:33']","[0.014, 0.008, 0.0, 0.074, 0.102, 0.0, 0.346, 0.35]","[0.1416199354861827, 0.1120795576037075, 0.1154800357705372, 0.1581732237968086, 0.2590515093709526, 0.1098060044640001, 0.3178810943947714, 0.3079311474522112]","['O(400, 1)', 'O(400, 5)', 'O-(400, 5)', 'SC(1600, 5)', 'SC(400, 5)', 'SD(400, 5)', 'CC(1000)', 'CC(500)']",8
5,follow,4,"['2025-09-08_02:49:57', '2025-09-06_20:40:59', '2025-09-08_23:34:55', '2025-09-08_23:16:29', '2025-09-08_22:43:52', '2025-09-08_20:15:14', '2025-09-09_08:16:05', '2025-09-09_00:03:32']","[0.064, 0.058, 0.066, 0.124, 0.292, 0.172, 0.348, 0.378]","[0.1064887582939288, 0.1166740920719736, 0.1245845591889467, 0.1789391555165268, 0.3639365397148356, 0.1615008198638759, 0.3164211241528849, 0.3395082684689489]","['O(400, 1)', 'O(400, 5)', 'O-(400, 5)', 'SC(1600, 5)', 'SC(400, 5)', 'SD(400, 5)', 'CC(1000)', 'CC(500)']",8
5,follow,5,"['2025-09-08_02:53:12', '2025-09-06_20:44:27', '2025-09-08_23:39:46', '2025-09-08_23:19:37', '2025-09-08_22:46:08', '2025-09-08_20:19:30', '2025-09-09_08:19:04', '2025-09-09_00:06:26']","[0.0, 0.0, 0.0, 0.082, 0.088, 0.156, 0.338, 0.35]","[0.1287474373148128, 0.1135026971924818, 0.1287134442675308, 0.2215785710958139, 0.2130946926079431, 0.1277064508788428, 0.2978611965769931, 0.2881028925594487]","['O(400, 1)', 'O(400, 5)', 'O-(400, 5)', 'SC(1600, 5)', 'SC(400, 5)', 'SD(400, 5)', 'CC(1000)', 'CC(500)']",8
5,reach_easy,0,"['2025-09-08_05:42:25', '2025-09-06_23:54:06', '2025-09-09_00:06:23', '2025-09-09_01:42:10', '2025-09-09_00:55:02', '2025-09-07_03:07:37', '2025-09-09_10:29:52', '2025-09-09_02:43:12']","[0.014, 0.0, 0.0, 0.124, 0.182, 0.0, 0.428, 0.428]","[26.0, 20.0, 15.0, 15.0, 7.0, 36.0, 2.0, 2.0]","['O(400, 1)', 'O(400, 5)', 'O-(400, 5)', 'SC(1600, 5)', 'SC(400, 5)', 'SD(400, 5)', 'CC(1000)', 'CC(500)']",8
5,reach_easy,1,"['2025-09-08_05:45:37', '2025-09-06_23:59:05', '2025-09-09_00:10:37', '2025-09-09_01:44:56', '2025-09-09_00:57:10', '2025-09-07_03:11:29', '2025-09-09_10:32:03', '2025-09-09_02:45:29']","[0.064, 0.094, 0.004, 0.314, 0.278, 0.238, 0.292, 0.29]","[19.0, 16.0, 19.0, 1.0, 0.0, 29.0, 1.0, 1.0]","['O(400, 1)', 'O(400, 5)', 'O-(400, 5)', 'SC(1600, 5)', 'SC(400, 5)', 'SD(400, 5)', 'CC(1000)', 'CC(500)']",8
5,reach_easy,2,"['2025-09-08_05:48:45', '2025-09-07_00:04:34', '2025-09-09_00:15:01', '2025-09-09_01:47:20', '2025-09-09_00:59:48', '2025-09-07_03:15:20', '2025-09-09_10:34:10', '2025-09-09_02:47:54']","[0.024, 0.004, 0.014, 0.116, 0.08, 0.0, 0.35, 0.35]","[27.0, 37.0, 24.0, 14.0, 9.0, 38.0, 1.0, 1.0]","['O(400, 1)', 'O(400, 5)', 'O-(400, 5)', 'SC(1600, 5)', 'SC(400, 5)', 'SD(400, 5)', 'CC(1000)', 'CC(500)']",8
5,reach_easy,3,"['2025-09-09_11:36:25', '2025-09-09_11:46:01', '2025-09-09_11:40:46', '2025-09-09_01:49:42', '2025-09-09_01:02:25', '2025-09-09_11:41:25', '2025-09-09_10:39:31', '2025-09-09_02:52:36']","[0.044, 0.0, 0.0, 0.146, 0.086, 0.06, 0.3, 0.342]","[21.0, 26.0, 18.0, 18.0, 7.0, 33.0, 2.0, 2.0]","['O(400, 1)', 'O(400, 5)', 'O-(400, 5)', 'SC(1600, 5)', 'SC(400, 5)', 'SD(400, 5)', 'CC(1000)', 'CC(500)']",8
5,reach_easy,4,"['2025-09-09_11:39:50', '2025-09-09_11:50:06', '2025-09-09_11:45:19', '2025-09-09_01:52:15', '2025-09-09_01:04:35', '2025-09-09_11:45:27', '2025-09-09_10:41:41', '2025-09-09_02:54:58']","[0.132, 0.07, 0.018, 0.118, 0.248, 0.048, 0.248, 0.248]","[16.0, 22.0, 19.0, 17.0, 5.0, 30.0, 0.0, 0.0]","['O(400, 1)', 'O(400, 5)', 'O-(400, 5)', 'SC(1600, 5)', 'SC(400, 5)', 'SD(400, 5)', 'CC(1000)', 'CC(500)']",8
5,reach_easy,5,"['2025-09-09_11:43:16', '2025-09-09_11:54:34', '2025-09-09_11:49:18', '2025-09-09_01:54:35', '2025-09-09_01:06:47', '2025-09-09_11:49:26', '2025-09-09_10:43:44', '2025-09-09_02:57:21']","[0.056, 0.0, 0.0, 0.33, 0.166, 0.028, 0.348, 0.404]","[14.0, 21.0, 18.0, 2.0, 10.0, 22.0, 0.0, 0.0]","['O(400, 1)', 'O(400, 5)', 'O-(400, 5)', 'SC(1600, 5)', 'SC(400, 5)', 'SD(400, 5)', 'CC(1000)', 'CC(500)']",8
5,reach_hard,0,"['2025-09-08_07:14:33', '2025-09-07_01:08:57', '2025-09-09_01:09:17', '2025-09-09_02:52:59', '2025-09-09_02:00:58', '2025-09-07_04:04:32', '2025-09-09_15:35:57', '2025-09-09_06:38:11']","[0.044, 0.0, 0.036, 0.14, 0.312, 0.356, 0.35, 0.35]","[8.0, 8.0, 1.0, 4.0, 0.0, 14.0, 0.0, 0.0]","['O(400, 1)', 'O(400, 5)', 'O-(400, 5)', 'SC(1600, 5)', 'SC(400, 5)', 'SD(400, 5)', 'CC(1000)', 'CC(500)']",8
5,reach_hard,1,"['2025-09-08_07:17:54', '2025-09-07_01:14:04', '2025-09-09_01:13:18', '2025-09-09_02:55:24', '2025-09-09_02:03:14', '2025-09-07_04:08:24', '2025-09-09_15:45:07', '2025-09-09_06:45:24']","[0.232, 0.0, 0.136, 0.138, 0.158, 0.526, 0.35, 0.35]","[7.0, 5.0, 2.0, 8.0, 5.0, 11.0, 0.0, 0.0]","['O(400, 1)', 'O(400, 5)', 'O-(400, 5)', 'SC(1600, 5)', 'SC(400, 5)', 'SD(400, 5)', 'CC(1000)', 'CC(500)']",8
5,reach_hard,2,"['2025-09-08_07:21:01', '2025-09-07_01:19:14', '2025-09-09_01:17:19', '2025-09-09_02:57:51', '2025-09-09_02:05:25', '2025-09-07_04:12:27', '2025-09-09_15:50:39', '2025-09-09_06:51:39']","[0.0, 0.34, 0.146, 0.084, 0.306, 0.156, 0.35, 0.35]","[8.0, 4.0, 0.0, 13.0, 2.0, 8.0, 0.0, 0.0]","['O(400, 1)', 'O(400, 5)', 'O-(400, 5)', 'SC(1600, 5)', 'SC(400, 5)', 'SD(400, 5)', 'CC(1000)', 'CC(500)']",8
5,reach_hard,3,"['2025-09-09_12:22:40', '2025-09-09_12:45:17', '2025-09-09_12:40:58', '2025-09-09_03:00:16', '2025-09-09_02:08:15', '2025-09-09_18:37:56', '2025-09-09_16:00:04', '2025-09-09_06:58:47']","[0.066, 0.0, 0.0, 0.138, 0.09, 0.48, 0.35, 0.35]","[7.0, 5.0, 4.0, 4.0, 3.0, 13.0, 0.0, 0.0]","['O(400, 1)', 'O(400, 5)', 'O-(400, 5)', 'SC(1600, 5)', 'SC(400, 5)', 'SD(400, 5)', 'CC(1000)', 'CC(500)']",8
5,reach_hard,4,"['2025-09-09_12:25:49', '2025-09-09_12:49:14', '2025-09-09_12:44:48', '2025-09-09_03:02:34', '2025-09-09_02:10:28', '2025-09-09_12:41:44', '2025-09-09_16:05:20', '2025-09-09_07:06:27']","[0.224, 0.0, 0.03, 0.374, 0.366, 0.738, 0.35, 0.35]","[9.0, 8.0, 2.0, 1.0, 1.0, 13.0, 0.0, 0.0]","['O(400, 1)', 'O(400, 5)', 'O-(400, 5)', 'SC(1600, 5)', 'SC(400, 5)', 'SD(400, 5)', 'CC(1000)', 'CC(500)']",8
5,reach_hard,5,"['2025-09-09_12:28:56', '2025-09-09_12:53:08', '2025-09-09_12:48:41', '2025-09-09_03:05:02', '2025-09-09_02:12:45', '2025-09-09_12:45:47', '2025-09-09_16:15:01', '2025-09-09_07:13:59']","[0.0, 0.028, 0.076, 0.188, 0.394, 0.258, 0.35, 0.35]","[4.0, 4.0, 1.0, 1.0, 0.0, 11.0, 0.0, 0.0]","['O(400, 1)', 'O(400, 5)', 'O-(400, 5)', 'SC(1600, 5)', 'SC(400, 5)', 'SD(400, 5)', 'CC(1000)', 'CC(500)']",8
